Algae_ID,Test_Number,Timestamp,Temperature,pH Level,Oxygen Concentration (%),Microbial Density (OD600),Turbidity (NTU),Protein Yield (mg/L)
1,1,7/8/2025 8:00,29.88555444,6.323673264,77.10864197,1.098772442,58.66704563,352.0325804
1,2,7/8/2025 8:10,30.11940554,5.621303677,64.83133214,0.375008943,43.10477964,347.1472669
1,3,7/8/2025 8:20,30.38013785,5.931330378,82.07946693,0.712206315,34.79444448,264.4645472
1,4,7/8/2025 8:30,30.19530456,4.775829444,67.04060755,1.176563621,49.62540092,503.3143656
1,5,7/8/2025 8:40,31.18175244,4.707995313,63.4804261,0.732353353,44.3132901,286.2418838
1,6,7/8/2025 8:50,30.78984249,7.246109598,76.44924625,0.313424811,13.96823348,130.0083193
1,7,7/8/2025 9:00,31.55675099,4.273378575,78.58056264,1.084173945,46.49643945,580.9241743
1,8,7/8/2025 9:10,31.29310215,4.718243867,78.11692189,0.582478341,33.63532865,407.9731421
1,9,7/8/2025 9:20,32.01955413,5.598058349,81.53584252,1.098921423,33.56071454,670.4029537
1,10,7/8/2025 9:30,31.98542275,4.486536781,85.29177061,1.001565592,33.78953048,489.5283929
2,1,7/8/2025 8:00,31.50180354,4.051868405,78.55418256,0.675026762,34.49290846,317.7881648
2,2,7/8/2025 8:10,32.15698397,7.143784567,65.57503421,0.709370782,42.83275632,552.8103157
2,3,7/8/2025 8:20,32.97230648,4.182244956,87.12858267,0.779734374,28.02191325,107.6221033
2,4,7/8/2025 8:30,32.66282365,4.240475985,87.10131214,0.732854414,28.72813381,251.8292423
2,5,7/8/2025 8:40,32.34802157,7.10102748,89.94526796,0.32096069,52.651781,371.9725945
2,6,7/8/2025 8:50,32.76642192,5.693648584,65.15784615,0.332538998,37.04344283,440.2088769
2,7,7/8/2025 9:00,32.4438569,4.210842804,73.29232111,0.341432198,34.77810433,136.8444472
2,8,7/8/2025 9:10,32.85447298,5.97381788,73.05983202,1.102633661,35.30408437,550.5526057
2,9,7/8/2025 9:20,32.84135482,7.211943354,81.78794559,1.060861499,45.92073828,523.0354241
2,10,7/8/2025 9:30,33.30656033,5.038885659,54.50687526,0.971716215,37.3884372,623.4312462
3,1,7/8/2025 8:00,29.43234086,5.032904571,50.41937714,0.47443097,33.31912254,300.7007022
3,2,7/8/2025 8:10,29.46601266,6.657560632,88.62182991,0.391308287,54.01793973,607.5686387
3,3,7/8/2025 8:20,29.56235921,5.707327801,52.49510439,0.44672706,34.73253679,261.2925082
3,4,7/8/2025 8:30,29.85242939,4.703148353,59.14561275,1.053398733,22.97516472,193.0601588
3,5,7/8/2025 8:40,30.07031925,5.283224131,83.16913252,0.667512418,41.99801488,583.62673
3,6,7/8/2025 8:50,30.83551072,5.816937222,62.93912036,0.703391069,50.04055133,585.6791508
3,7,7/8/2025 9:00,31.61113811,4.603114361,77.36147129,0.959275914,30.8920405,655.6214267
3,8,7/8/2025 9:10,32.00779033,7.381380111,78.6398769,0.864104327,19.2968764,404.9953191
3,9,7/8/2025 9:20,31.97304799,5.89113682,87.94228596,0.939395447,30.18425985,356.6178428
3,10,7/8/2025 9:30,31.71203467,6.748404428,56.6120304,0.78370036,41.99480005,317.2519403
4,1,7/8/2025 8:00,27.52265174,5.599899691,70.42846811,0.461898034,30.99461734,198.1750329
4,2,7/8/2025 8:10,28.09507417,6.076072791,83.73737339,0.770951705,20.28630607,450.0152984
4,3,7/8/2025 8:20,28.07416332,4.622192232,76.37003276,0.772886152,55.3424226,673.9530252
4,4,7/8/2025 8:30,28.77311687,6.521414327,75.29051637,1.127106889,35.32716249,586.4937974
4,5,7/8/2025 8:40,28.96624117,4.341811491,57.7377468,0.893931894,34.54323444,494.016017
4,6,7/8/2025 8:50,29.46447493,5.768901672,60.00508919,1.042204753,37.86722369,588.8236199
4,7,7/8/2025 9:00,28.98533087,7.018350036,75.1020539,1.065814641,45.98032946,368.1667282
4,8,7/8/2025 9:10,29.11462962,6.956407757,56.85359156,0.725462888,55.92849085,679.2073265
4,9,7/8/2025 9:20,29.7718054,5.996403437,75.98652462,0.554154436,10.25879956,496.1788902
4,10,7/8/2025 9:30,29.4620047,7.419136841,76.5827692,0.455464977,30.45104649,593.7079856
5,1,7/8/2025 8:00,26.28850699,6.33219732,52.45160082,0.9205004,43.10517672,162.0920973
5,2,7/8/2025 8:10,26.13843228,7.194652617,83.55829775,0.922667399,46.34233291,672.0089771
5,3,7/8/2025 8:20,26.1074385,4.865589573,53.25497119,0.762723478,30.67820983,111.6348924
5,4,7/8/2025 8:30,26.04563978,7.320458191,78.28990824,1.198562335,21.80371914,100.8738187
5,5,7/8/2025 8:40,26.40974458,4.154279241,72.33342714,0.577340269,32.35134777,425.5783224
5,6,7/8/2025 8:50,25.93504513,6.189927406,54.0629615,1.067923199,28.75637221,311.8577325
5,7,7/8/2025 9:00,26.91465972,6.811214381,73.7813119,0.740475521,35.82995757,219.7097222
5,8,7/8/2025 9:10,26.92316365,5.582455652,81.18830782,0.488870731,33.18840102,495.1863594
5,9,7/8/2025 9:20,26.98589803,4.011123255,53.8475375,0.573662363,19.27637935,302.3328192
5,10,7/8/2025 9:30,27.78664794,5.372858577,55.79732303,0.620127268,22.94247119,322.5491735
6,1,7/8/2025 8:00,27.2960165,6.647568276,75.48292274,1.018518425,15.62826562,464.3848521
6,2,7/8/2025 8:10,27.59454055,5.321101956,70.6744311,0.630481978,13.6000839,536.9037239
6,3,7/8/2025 8:20,28.53913618,4.048968511,85.67415362,1.031378001,31.50945605,395.3787943
6,4,7/8/2025 8:30,28.62166281,6.642618576,73.30927609,1.051129486,15.33560882,369.9119468
6,5,7/8/2025 8:40,29.13671137,6.150989527,54.03054298,0.718753762,56.6437991,470.1266086
6,6,7/8/2025 8:50,29.2863703,4.916300842,52.12348329,0.411127941,11.36169202,287.3151538
6,7,7/8/2025 9:00,29.36118971,5.534829242,76.39074134,1.168594286,34.05036455,425.0976402
6,8,7/8/2025 9:10,29.23181887,4.955954697,55.83866164,0.438365845,36.82625174,597.0775852
6,9,7/8/2025 9:20,30.18513803,5.897998487,85.04528002,0.550360952,50.81429307,619.7247686
6,10,7/8/2025 9:30,30.06005397,5.620028636,70.66891424,0.601663614,38.92003996,236.2977082
7,1,7/8/2025 8:00,30.03556871,4.901986508,71.26843687,0.349394286,52.72988708,683.3796152
7,2,7/8/2025 8:10,30.81199848,6.343613215,52.68167775,0.312784671,35.74099055,143.5602548
7,3,7/8/2025 8:20,30.37278573,4.685941001,63.30489759,0.321329827,47.71764945,657.1273614
7,4,7/8/2025 8:30,30.81736578,5.578278165,74.30057036,0.587919666,27.18199261,564.5140538
7,5,7/8/2025 8:40,31.02832341,5.797877316,60.17691718,0.306458239,40.98088544,676.2613842
7,6,7/8/2025 8:50,31.87203657,4.201602376,83.09975619,1.147722713,33.29384611,593.1247916
7,7,7/8/2025 9:00,32.42046586,7.085174145,50.41026615,0.744356467,36.64634038,228.8016693
7,8,7/8/2025 9:10,32.83149577,5.729352374,50.18337727,0.435315647,47.89050601,669.2082454
7,9,7/8/2025 9:20,33.1194458,6.504264944,70.74518239,0.552193219,31.65864505,206.0326323
7,10,7/8/2025 9:30,33.63294412,6.237665211,75.2810709,0.504506858,49.34056987,517.0836278
8,1,7/8/2025 8:00,30.93841183,5.840418433,80.70508506,0.428124765,37.08701134,102.2656802
8,2,7/8/2025 8:10,30.49898785,6.504527201,71.443237,0.662439417,52.31909118,161.8146151
8,3,7/8/2025 8:20,30.48195872,5.091052002,70.22290286,0.497748154,47.65871303,372.9449487
8,4,7/8/2025 8:30,30.67140273,6.604345003,63.31776771,0.33812055,26.36503981,432.0713918
8,5,7/8/2025 8:40,30.60868379,4.907065002,80.64909952,0.927931626,53.81151811,453.724563
8,6,7/8/2025 8:50,30.51320741,4.802207815,58.26039652,0.328466798,43.35880246,393.6463908
8,7,7/8/2025 9:00,30.20962162,7.292936002,80.30646568,0.720749492,59.45663822,553.2629517
8,8,7/8/2025 9:10,30.9253392,6.226742417,77.52976213,0.704822111,35.8701078,373.0189867
8,9,7/8/2025 9:20,30.99597865,5.262396325,81.40323477,1.147819786,22.17030482,207.0802135
8,10,7/8/2025 9:30,30.80177483,5.356722815,76.0989747,1.01110894,41.4036801,508.0501723
9,1,7/8/2025 8:00,33.81980403,6.815829137,59.53134269,0.773447519,59.41475289,597.7271258
9,2,7/8/2025 8:10,33.42732935,6.645200556,85.24224407,0.869325043,10.86535271,416.5579888
9,3,7/8/2025 8:20,33.21411267,6.069223688,66.83774254,0.965650649,50.16252783,356.9416814
9,4,7/8/2025 8:30,32.96180508,4.692057631,61.71052185,0.393900926,31.57800023,359.2418159
9,5,7/8/2025 8:40,32.68192206,4.026949967,73.75060417,0.759807294,53.59736195,581.3968746
9,6,7/8/2025 8:50,33.62910631,4.3240956,58.63452859,0.475903337,50.28201467,419.4506565
9,7,7/8/2025 9:00,33.85012991,4.528174044,76.6407629,0.842764116,30.27307434,660.7383986
9,8,7/8/2025 9:10,33.79943149,7.45058012,61.77484642,0.314677146,25.5125998,101.3440632
9,9,7/8/2025 9:20,34.29253922,6.06952933,72.04373191,0.408207686,42.52157421,442.6189805
9,10,7/8/2025 9:30,33.91512003,7.322399967,84.00023775,0.754430406,32.07564793,113.3284233
10,1,7/8/2025 8:00,32.92329899,6.152866524,77.04898316,0.745699571,50.69558517,296.8900832
10,2,7/8/2025 8:10,33.67473979,6.516798174,84.37459379,0.765139798,52.81739263,381.7753085
10,3,7/8/2025 8:20,33.18779605,6.206510163,50.77074049,0.397736915,45.20389807,598.5416134
10,4,7/8/2025 8:30,33.32589472,6.957919126,80.34168031,0.450431503,22.09512783,164.7497863
10,5,7/8/2025 8:40,33.97260788,6.526763441,72.07469866,0.417322303,45.58304193,500.7006708
10,6,7/8/2025 8:50,34.51506382,6.968466855,75.0958495,0.98416003,36.05921794,469.7804621
10,7,7/8/2025 9:00,34.30331329,5.868045481,56.47520025,0.934564906,19.82623793,532.1824501
10,8,7/8/2025 9:10,33.94575743,5.736933852,73.24087898,0.657130583,33.23959412,525.3877653
10,9,7/8/2025 9:20,33.87658251,6.111656034,56.93106035,0.994928716,10.71849995,387.2146239
10,10,7/8/2025 9:30,33.89113304,6.65018164,60.18883681,0.373625959,51.45256176,373.5767764
11,1,7/8/2025 8:00,26.94706358,5.764175326,82.73588559,0.809256679,33.42986119,615.0906412
11,2,7/8/2025 8:10,27.37762021,5.375258655,78.48689066,0.670276986,38.89619513,399.6930959
11,3,7/8/2025 8:20,26.89964054,4.346188993,58.90266202,0.632397912,35.81713573,363.7283674
11,4,7/8/2025 8:30,27.26069954,7.233649904,75.48728944,0.738417607,18.9535319,314.9328598
11,5,7/8/2025 8:40,26.80549687,6.01685148,71.90102997,0.384797763,48.87602765,379.6029413
11,6,7/8/2025 8:50,27.16470755,6.144801389,72.66986099,0.444087257,32.42149702,161.1765946
11,7,7/8/2025 9:00,26.91651876,4.407085373,74.48702989,1.121820767,33.35530432,611.4420545
11,8,7/8/2025 9:10,27.84532127,7.276743422,75.77950595,1.021811487,58.57855502,417.2420929
11,9,7/8/2025 9:20,28.34546933,6.680871479,63.65812917,0.781500631,32.82294132,375.453269
11,10,7/8/2025 9:30,29.21047275,7.381280138,88.97172456,0.753515442,57.9583019,511.7723421
12,1,7/8/2025 8:00,34.63362906,6.282694096,73.34687407,0.71315007,25.82896662,495.9268608
12,2,7/8/2025 8:10,35.47925554,7.12734712,85.40802548,1.036707278,34.55357287,387.272769
12,3,7/8/2025 8:20,36.13159843,4.747480871,62.02010649,0.867040387,30.63105257,211.1904908
12,4,7/8/2025 8:30,36.58115306,5.721513492,74.91131049,0.854083881,27.47572081,515.5218707
12,5,7/8/2025 8:40,37.55724145,4.994628442,59.59996539,1.033652335,38.12203267,553.9379432
12,6,7/8/2025 8:50,38.05507995,5.979814941,87.55523001,0.88522011,19.22676595,322.4298717
12,7,7/8/2025 9:00,38.16294633,6.342426089,87.96597436,0.902081446,18.41578034,634.9794393
12,8,7/8/2025 9:10,37.86596692,4.306839944,72.40528684,0.842486402,44.72597708,445.3728431
12,9,7/8/2025 9:20,38.16943849,6.880028286,53.80605106,0.409142867,51.65843689,351.7499527
12,10,7/8/2025 9:30,37.97755036,5.113594752,58.6000797,1.080432558,50.43371967,118.0196989
13,1,7/8/2025 8:00,31.26328316,7.297782007,71.88117984,1.12160235,59.50373409,149.4130922
13,2,7/8/2025 8:10,31.412966,5.894193622,64.76398714,0.433077436,17.34452889,604.9700212
13,3,7/8/2025 8:20,32.28508041,5.956483703,67.57738916,0.57400082,58.29575981,416.2127712
13,4,7/8/2025 8:30,32.45047154,4.754366985,84.30164764,0.818309764,34.64773723,668.1769516
13,5,7/8/2025 8:40,33.29820295,5.899891839,71.23540025,0.853459186,49.93505493,321.764653
13,6,7/8/2025 8:50,33.22669253,4.870717805,75.55926088,0.669104238,59.29694782,587.6697126
13,7,7/8/2025 9:00,33.10848022,6.538409046,89.4304247,0.67275211,17.63765119,124.6108963
13,8,7/8/2025 9:10,33.82187546,4.573114077,89.17782705,0.579397165,32.79949974,520.0751628
13,9,7/8/2025 9:20,34.57563342,4.55455032,68.85637708,1.118790126,32.36180858,407.6284971
13,10,7/8/2025 9:30,34.63095884,5.881082051,76.13882968,0.766187706,50.08428992,396.0471294
14,1,7/8/2025 8:00,31.00730776,6.935208227,66.2107222,0.901317632,57.3843792,365.6677548
14,2,7/8/2025 8:10,31.64740734,4.068348397,86.27163003,0.737607593,34.43302052,326.4373307
14,3,7/8/2025 8:20,31.90728805,7.117312593,89.35052394,0.99617374,53.08077977,250.4571805
14,4,7/8/2025 8:30,32.24470917,6.92094313,58.79395758,1.024982533,36.32820816,698.9533893
14,5,7/8/2025 8:40,32.09290412,4.720704864,89.60258644,0.386080017,35.66249473,572.1243338
14,6,7/8/2025 8:50,32.4996649,6.305934505,70.35163283,0.323595149,30.63919431,117.5496929
14,7,7/8/2025 9:00,32.2866543,6.321894358,56.41563267,0.684352111,30.29379857,375.8936237
14,8,7/8/2025 9:10,32.11419275,6.353976169,89.11359791,0.406470259,27.97937855,359.6683364
14,9,7/8/2025 9:20,31.99485265,4.701891045,84.05705604,0.40509762,35.62860076,342.5270474
14,10,7/8/2025 9:30,32.05970199,6.997414234,82.54793848,0.744383392,34.06443852,527.2640857
15,1,7/8/2025 8:00,25.32750819,5.125741879,81.57824247,0.654602409,12.47060108,387.8028289
15,2,7/8/2025 8:10,25.78497327,5.347399685,52.01893469,0.902038839,46.59807191,445.3934589
15,3,7/8/2025 8:20,26.47993293,6.336502801,78.77129259,0.846527258,33.15310339,284.0401039
15,4,7/8/2025 8:30,26.3988253,7.353617925,78.41325113,0.646509966,44.01508592,460.9643873
15,5,7/8/2025 8:40,27.38301019,5.747305037,87.36278224,0.676610054,42.98777569,532.326935
15,6,7/8/2025 8:50,27.85405332,5.722327605,59.47699552,1.158558319,18.62138888,430.7382887
15,7,7/8/2025 9:00,28.79835936,4.678634517,70.78454316,1.104231832,40.07799578,295.07995
15,8,7/8/2025 9:10,28.98734412,5.337869164,85.37051766,0.544547236,26.3597549,669.8927095
15,9,7/8/2025 9:20,29.28973573,4.072131023,62.02868625,0.887934086,16.87448861,469.7040711
15,10,7/8/2025 9:30,29.09875485,5.230897304,76.73580178,0.325766864,24.66285611,181.1049731
16,1,7/8/2025 8:00,30.36054985,6.192203451,87.79666015,0.524351268,25.51608997,257.5741139
16,2,7/8/2025 8:10,31.01979603,4.727133734,74.14666676,0.640355962,30.14301988,357.4483135
16,3,7/8/2025 8:20,31.96837042,4.892228744,82.54322656,0.632283878,21.76322316,324.5450002
16,4,7/8/2025 8:30,32.69868017,4.925295405,78.36770642,0.432219729,35.65783541,531.6409841
16,5,7/8/2025 8:40,33.31627718,5.26556902,84.90494559,0.502476301,49.53343707,508.5642297
16,6,7/8/2025 8:50,33.30996341,6.371662914,61.25406126,0.708600186,40.63557641,295.8624021
16,7,7/8/2025 9:00,33.29537753,4.645720772,61.21217517,0.778348137,51.41978065,549.8789637
16,8,7/8/2025 9:10,33.96554709,5.161254484,83.85167487,0.437916461,32.51391494,394.3041659
16,9,7/8/2025 9:20,34.41986857,6.190808062,72.56233167,0.505398656,16.92281135,437.4961687
16,10,7/8/2025 9:30,33.97799827,5.024398188,89.62151044,1.151565876,32.83743556,459.7818846
17,1,7/8/2025 8:00,25.23745965,5.658403948,82.2114349,0.437273453,58.1144654,637.690117
17,2,7/8/2025 8:10,25.28834254,4.642405551,80.34541578,1.122554294,54.3316335,594.6780175
17,3,7/8/2025 8:20,25.7330969,5.125270977,54.68609669,1.134906919,19.39416742,180.6893317
17,4,7/8/2025 8:30,25.8742891,5.691855633,59.0281235,0.334850638,40.6259076,450.7955143
17,5,7/8/2025 8:40,26.73972641,6.242966291,61.57306401,0.82392938,30.14282256,498.3143133
17,6,7/8/2025 8:50,26.7396291,6.772796041,78.59882123,0.347229408,37.20080612,483.8975974
17,7,7/8/2025 9:00,27.20157865,4.206436661,53.5605964,0.425137731,34.01042407,104.6029955
17,8,7/8/2025 9:10,28.12867556,6.776787814,57.35936688,0.325899644,54.85587271,545.0546734
17,9,7/8/2025 9:20,28.98582413,6.047839952,58.9291479,0.720944453,55.48309527,201.6520778
17,10,7/8/2025 9:30,29.19109958,7.186658771,76.90574248,0.567274673,44.85920335,344.3402785
18,1,7/8/2025 8:00,26.53960817,4.526663856,67.66397153,0.388332539,38.43592677,444.3938204
18,2,7/8/2025 8:10,26.31681951,5.923748396,71.59124466,0.656971382,51.24142754,649.831386
18,3,7/8/2025 8:20,27.2451347,5.801870007,50.27062879,0.631423186,59.06959182,143.948539
18,4,7/8/2025 8:30,27.79413982,6.611123942,70.37145127,0.974502418,34.91459314,224.1216379
18,5,7/8/2025 8:40,27.68312298,6.317477259,52.83919761,0.357033338,25.60048448,645.4735286
18,6,7/8/2025 8:50,27.47810679,5.764912749,83.74253704,0.647047243,48.93464525,512.0494637
18,7,7/8/2025 9:00,27.35752903,5.639031551,77.73687037,0.700441665,18.27973134,381.0895547
18,8,7/8/2025 9:10,27.34416149,6.992144038,71.07914577,1.117184625,19.60795541,635.0634347
18,9,7/8/2025 9:20,28.05515755,7.465328542,88.73827055,0.327226203,53.56059537,501.9786958
18,10,7/8/2025 9:30,28.31965432,7.236518173,75.09944317,0.551645781,26.45719528,677.6348341
19,1,7/8/2025 8:00,25.31002339,7.436644625,50.84391896,0.419197858,20.08247993,326.8869117
19,2,7/8/2025 8:10,25.21470727,4.937292509,81.35804203,0.401521156,34.22291546,406.3395332
19,3,7/8/2025 8:20,24.79785102,6.952524723,71.48740819,0.537220412,40.11693026,440.3126538
19,4,7/8/2025 8:30,25.03967046,6.66485098,70.21463644,0.758751381,23.99291403,408.733279
19,5,7/8/2025 8:40,25.36393244,6.253153769,64.36211225,0.94708394,43.63883235,674.8530687
19,6,7/8/2025 8:50,26.16030475,4.320090898,66.33437469,0.815987346,51.2653362,497.3937906
19,7,7/8/2025 9:00,27.13540933,7.317199659,72.5882677,0.609981356,37.96784668,416.0035857
19,8,7/8/2025 9:10,27.88337513,6.82126419,56.42646584,0.940439081,38.95866698,635.4936203
19,9,7/8/2025 9:20,27.95668924,5.101820043,70.9269901,1.057217754,21.60069233,255.115827
19,10,7/8/2025 9:30,28.69773549,6.003660806,52.69295137,0.313943808,12.08653609,561.1976975
20,1,7/8/2025 8:00,31.51766757,6.928929965,60.43023312,0.629423153,26.8155189,118.1527542
20,2,7/8/2025 8:10,32.24459933,4.641105931,63.8502635,0.685159335,10.05018756,107.6477516
20,3,7/8/2025 8:20,32.95888751,4.823610287,74.01420995,0.486235023,46.31573701,663.6634677
20,4,7/8/2025 8:30,33.41261939,5.567900435,87.01025717,0.605555191,59.90848244,624.5464089
20,5,7/8/2025 8:40,33.58650832,5.224931474,85.67769831,0.605596304,45.93809094,528.9117548
20,6,7/8/2025 8:50,33.35072993,5.729754099,83.99656432,0.38325016,34.57134869,193.9244362
20,7,7/8/2025 9:00,34.28603614,5.657168851,63.70963174,0.730466122,35.2215758,529.5006851
20,8,7/8/2025 9:10,34.30055491,5.80428449,73.22122549,0.449084216,35.71531351,501.2920391
20,9,7/8/2025 9:20,34.09049972,6.671704423,81.33971874,0.665432035,10.20058681,398.9411993
20,10,7/8/2025 9:30,34.82985572,7.433125926,78.92814334,0.772075774,33.2763227,180.7464853
21,1,7/8/2025 8:00,28.36982166,6.886189453,71.75293874,0.698991498,31.84737024,350.6994406
21,2,7/8/2025 8:10,28.75455651,6.359059546,71.33215388,1.079557603,55.92953385,425.4437934
21,3,7/8/2025 8:20,28.92382162,6.887459666,84.82337364,1.173068337,30.40387116,132.4424211
21,4,7/8/2025 8:30,28.95362088,6.111141437,52.85921429,1.006568717,21.81716212,495.8016908
21,5,7/8/2025 8:40,28.6147377,4.14911638,60.36727432,0.438940114,33.50967188,446.44161
21,6,7/8/2025 8:50,28.86407987,5.60309477,50.40440784,0.375293293,19.24088917,688.3470178
21,7,7/8/2025 9:00,29.19628722,7.191054672,85.26907801,1.031626921,17.03278593,518.0524748
21,8,7/8/2025 9:10,29.93131256,4.190566932,62.7686035,0.735466134,32.80281371,136.6378825
21,9,7/8/2025 9:20,30.01201337,7.464515897,70.62008231,0.84760808,25.37287211,173.7083989
21,10,7/8/2025 9:30,30.74671592,4.872982505,71.95696789,0.645154008,52.24292788,424.8590099
22,1,7/8/2025 8:00,34.74192546,6.894543841,89.86463454,0.402758104,38.81042213,689.0950515
22,2,7/8/2025 8:10,35.53565062,6.245169407,78.64789074,0.691454558,33.77041142,161.8759115
22,3,7/8/2025 8:20,36.42777778,6.603534558,61.48854382,0.688975307,30.19063878,427.7553429
22,4,7/8/2025 8:30,36.16592673,7.454839761,75.69656763,0.49793188,28.89836768,524.3454189
22,5,7/8/2025 8:40,36.72739509,4.315207489,75.68498117,0.705306573,50.81092358,175.3912018
22,6,7/8/2025 8:50,36.36952565,5.771070282,59.45295523,0.693750295,50.49535478,470.8227367
22,7,7/8/2025 9:00,36.12403975,5.368798989,60.1202396,0.498254499,34.53589824,687.4883297
22,8,7/8/2025 9:10,36.28872843,6.229676122,68.83732102,1.064249307,14.06316614,245.3694523
22,9,7/8/2025 9:20,35.86667596,5.547664413,83.43400211,1.098579223,37.09712053,504.5223163
22,10,7/8/2025 9:30,36.05081848,6.994519963,78.82975776,0.927161563,35.51426209,120.7392409
23,1,7/8/2025 8:00,26.50621223,5.024462554,51.69864336,0.752806539,20.52309082,538.8838292
23,2,7/8/2025 8:10,26.5166048,6.82444862,87.34531552,0.841278454,13.20770978,335.3556769
23,3,7/8/2025 8:20,27.02661981,5.372061406,81.85228044,0.861282278,38.50413518,155.6833057
23,4,7/8/2025 8:30,26.74992117,4.775568032,72.24226845,0.332910031,54.85760862,110.4398151
23,5,7/8/2025 8:40,27.21887799,7.379022556,81.4982809,0.988174028,40.44989604,369.3420849
23,6,7/8/2025 8:50,27.25545441,4.608939959,57.36712688,0.621874013,11.3303153,282.5610015
23,7,7/8/2025 9:00,27.12363205,4.383117197,65.64441351,0.365072423,28.32275742,383.541881
23,8,7/8/2025 9:10,27.1681793,4.486546354,83.78527014,0.31505269,27.15364388,566.3430041
23,9,7/8/2025 9:20,27.78337433,5.690810826,59.83175414,0.778983021,18.7055977,618.6406528
23,10,7/8/2025 9:30,28.73437038,4.953747158,81.42478026,0.532989409,53.87675416,466.7873892
24,1,7/8/2025 8:00,30.66569247,4.3154626,78.84728569,0.810097546,55.29267238,300.9696587
24,2,7/8/2025 8:10,30.74958315,4.978266314,78.74459236,1.046718189,38.78789556,380.079764
24,3,7/8/2025 8:20,30.85876553,6.690801658,88.40370345,0.44490304,41.73455754,526.6977623
24,4,7/8/2025 8:30,30.43113241,4.445873613,68.84424193,0.748427746,24.62133816,671.195206
24,5,7/8/2025 8:40,30.42295381,7.449522821,59.18078779,1.189787735,17.74564285,649.3378287
24,6,7/8/2025 8:50,30.86577582,5.655693325,59.90751499,0.416095067,25.23651574,379.6572511
24,7,7/8/2025 9:00,31.3684932,5.222444058,85.35319753,0.715339444,44.84933472,525.0537952
24,8,7/8/2025 9:10,31.5688078,4.113563377,70.21544596,1.144280561,35.21461738,548.1731139
24,9,7/8/2025 9:20,32.03500283,7.361050131,68.69124504,0.644721854,56.68767362,130.4817198
24,10,7/8/2025 9:30,32.86796192,6.680567591,65.67023053,0.301001733,27.41486619,192.8464551
25,1,7/8/2025 8:00,32.18183048,6.920740531,63.89726562,1.015753331,44.0279167,548.4539362
25,2,7/8/2025 8:10,32.1967646,6.015064005,56.62337268,0.308539779,16.26278883,695.329318
25,3,7/8/2025 8:20,31.83002908,7.237479219,89.85973351,0.78844732,41.54035947,121.2848333
25,4,7/8/2025 8:30,31.64351198,7.327282462,71.19619551,0.773543283,50.17048905,168.5532569
25,5,7/8/2025 8:40,32.03989806,7.211260329,74.99560784,1.001262627,54.26183401,113.3486157
25,6,7/8/2025 8:50,32.65422645,6.030284693,76.08187564,0.416206562,46.76244703,336.9411587
25,7,7/8/2025 9:00,33.23820813,5.52794542,78.36021921,1.087300181,25.73247655,628.2806436
25,8,7/8/2025 9:10,33.24318525,4.842110708,86.64226762,0.961171627,25.89378822,566.4313299
25,9,7/8/2025 9:20,32.90403939,6.104764399,75.6913467,0.330086826,10.02728431,691.4182138
25,10,7/8/2025 9:30,32.56958287,5.055394658,86.98242619,0.528898307,14.53222224,179.6579591
26,1,7/8/2025 8:00,24.6310695,6.611082735,54.19536906,0.404232443,40.62491403,639.3616849
26,2,7/8/2025 8:10,24.19872903,5.184638085,74.69254453,0.709407329,21.80977058,257.1293146
26,3,7/8/2025 8:20,24.33929752,5.935304975,85.67533812,0.892475952,24.32576063,697.214081
26,4,7/8/2025 8:30,24.93721559,4.356603125,58.25753896,0.922397099,37.06035167,602.9320913
26,5,7/8/2025 8:40,24.63492968,4.938516976,73.50026808,0.421870354,47.21582349,356.4702403
26,6,7/8/2025 8:50,24.78102681,6.125658004,52.20317709,0.39101583,46.23300922,500.9834668
26,7,7/8/2025 9:00,25.6809587,6.592509492,80.01839171,0.394441235,18.1119486,145.3045199
26,8,7/8/2025 9:10,26.16801059,4.491177505,58.65055506,0.446811088,38.94865728,601.3525507
26,9,7/8/2025 9:20,26.41093281,6.848648579,73.02006042,0.582374436,23.96122922,656.8586878
26,10,7/8/2025 9:30,26.27781353,7.027590882,78.23936693,1.025673586,38.60241298,689.5880612
27,1,7/8/2025 8:00,28.57060731,7.326312041,82.60740225,0.517403259,35.5065116,535.1986331
27,2,7/8/2025 8:10,28.75246048,4.77359708,89.99453187,0.304610774,38.47123232,158.8250044
27,3,7/8/2025 8:20,28.94431662,4.121931311,59.65254412,0.866284338,41.17075638,435.8965042
27,4,7/8/2025 8:30,28.9744801,5.849832316,61.16563348,0.536111761,53.9074294,697.565929
27,5,7/8/2025 8:40,29.13793645,6.024574374,81.49888333,1.08107846,33.97797179,173.239123
27,6,7/8/2025 8:50,29.44751268,5.628001629,89.85066597,0.721882235,31.88968568,299.5701209
27,7,7/8/2025 9:00,29.32147898,5.635828891,83.77501879,0.664987329,11.80584698,661.0523007
27,8,7/8/2025 9:10,29.2143208,5.227999858,53.78893995,1.134948786,49.25784602,316.4714885
27,9,7/8/2025 9:20,29.74663891,4.65756254,58.01457528,0.703719673,15.61072596,492.233022
27,10,7/8/2025 9:30,30.46964352,5.902555364,76.99713865,0.85440501,18.17356263,191.015531
28,1,7/8/2025 8:00,33.791829,7.179335971,83.11907672,0.668207223,34.63006038,437.9092421
28,2,7/8/2025 8:10,33.62601938,5.766699149,52.70510282,0.676809556,14.34232742,191.0097703
28,3,7/8/2025 8:20,34.14322628,6.107347843,56.99214671,0.978470975,22.59278899,137.3872119
28,4,7/8/2025 8:30,34.04816416,4.330892943,82.62032817,0.34853538,12.98315701,186.9129184
28,5,7/8/2025 8:40,34.70862599,5.106562174,84.42847488,0.740022206,42.20738059,434.5266712
28,6,7/8/2025 8:50,35.42671137,4.972510241,85.87072326,0.580808547,17.4574214,234.7686032
28,7,7/8/2025 9:00,35.86492891,4.653821822,71.07250548,0.315396755,32.67876485,143.2971384
28,8,7/8/2025 9:10,35.77227133,6.672205614,70.7765472,0.388233772,26.0541927,449.2789026
28,9,7/8/2025 9:20,36.64852297,5.234511088,68.63032764,0.394285469,50.88571621,648.2841103
28,10,7/8/2025 9:30,36.82254552,7.197630932,84.68017191,1.156045388,34.59476696,502.0028493
29,1,7/8/2025 8:00,32.29358781,5.865695377,80.35957508,0.661565947,44.72482565,167.5482507
29,2,7/8/2025 8:10,32.55979525,6.777470787,88.90066869,0.710743962,22.06474813,444.025887
29,3,7/8/2025 8:20,32.91421583,6.008092893,83.49894462,0.875808117,48.8189013,329.508945
29,4,7/8/2025 8:30,32.80775891,7.379276424,68.07926458,0.779967718,27.45779196,380.8447156
29,5,7/8/2025 8:40,33.02544037,5.868838712,73.19005612,0.926268105,10.65152443,696.0860915
29,6,7/8/2025 8:50,33.4415086,5.822863247,72.28471801,0.540721653,19.11033971,405.8260494
29,7,7/8/2025 9:00,34.38284734,6.73205702,73.99702446,1.039416415,34.59793893,661.7539695
29,8,7/8/2025 9:10,35.32043912,6.921745292,66.34161421,0.548768447,45.63566072,666.3766915
29,9,7/8/2025 9:20,35.4924365,6.511041223,50.12477703,0.649263525,10.69949099,656.0567148
29,10,7/8/2025 9:30,36.41098332,5.268073109,80.41143038,0.528637727,34.04660049,574.1484747
30,1,7/8/2025 8:00,33.98398195,4.179073946,67.03925519,0.887221441,33.89568579,394.898506
30,2,7/8/2025 8:10,34.16175082,4.329183024,52.37869985,0.409425099,30.32729534,306.7390929
30,3,7/8/2025 8:20,35.05614802,7.237238998,71.57918716,1.198058126,16.18492472,524.4777921
30,4,7/8/2025 8:30,35.65020277,7.391913332,84.1873281,1.027968586,13.7136889,434.4258946
30,5,7/8/2025 8:40,35.52347607,6.905427138,62.62713119,0.921058074,16.81973179,192.4762328
30,6,7/8/2025 8:50,35.5123704,5.057233315,82.93471023,1.197928615,55.28872681,404.062978
30,7,7/8/2025 9:00,36.40719317,5.205220237,82.53391182,0.685812584,17.55172444,663.3084417
30,8,7/8/2025 9:10,36.35948751,6.710342506,84.99893116,0.679573427,32.79938695,691.635814
30,9,7/8/2025 9:20,36.95543409,5.977291783,82.75592752,0.406564553,34.03255997,534.1989483
30,10,7/8/2025 9:30,37.51424076,4.681527773,72.01342591,0.891711901,22.18627541,373.7148227
31,1,7/8/2025 8:00,26.2468858,5.949912487,53.17484634,0.753103952,22.10432706,452.2673213
31,2,7/8/2025 8:10,26.83816449,5.101206702,54.47000006,0.701881339,38.74859497,369.0974056
31,3,7/8/2025 8:20,26.928812,4.507437904,82.37600228,0.642757947,35.63458755,363.825777
31,4,7/8/2025 8:30,26.98888718,5.817378632,72.94639867,0.639720905,58.56089425,365.0086697
31,5,7/8/2025 8:40,27.25150509,5.32045662,84.13205236,1.188716774,32.06850464,596.3815258
31,6,7/8/2025 8:50,26.92623425,6.025388425,76.10536309,0.451834522,47.45523829,681.413518
31,7,7/8/2025 9:00,27.40201855,6.308870787,76.33358936,0.963141327,11.96321956,276.4093436
31,8,7/8/2025 9:10,28.35319014,6.703608758,52.147251,0.48944757,27.79402636,334.6418508
31,9,7/8/2025 9:20,29.09274106,5.016350856,52.38529339,0.719829531,54.62637433,389.1704978
31,10,7/8/2025 9:30,29.16957641,4.725266508,81.47660785,0.926130138,35.84942617,174.1851121
32,1,7/8/2025 8:00,26.60734661,6.387846191,56.13298466,0.570229778,52.52413505,392.900502
32,2,7/8/2025 8:10,26.56517603,5.652321079,74.4290272,0.340619778,45.65008704,191.6346889
32,3,7/8/2025 8:20,27.15069223,4.750859416,63.06130982,0.748919847,11.90516016,597.8909609
32,4,7/8/2025 8:30,27.67865387,6.265684945,81.92942581,0.762468285,12.6800822,453.831255
32,5,7/8/2025 8:40,28.14947867,6.642943744,85.30449619,0.815212456,58.21444755,552.4556718
32,6,7/8/2025 8:50,28.61998158,7.488622676,83.25357274,0.323982501,35.86444316,129.6493637
32,7,7/8/2025 9:00,28.15653674,6.031306915,72.15332526,0.423242663,40.37460052,433.3765268
32,8,7/8/2025 9:10,28.10127589,6.244753512,70.37302035,0.655653829,47.87394096,116.928996
32,9,7/8/2025 9:20,28.02775814,5.754629064,82.36535141,0.621444857,25.44848498,259.2548052
32,10,7/8/2025 9:30,28.2420257,7.076250995,84.74851768,0.329677455,30.56916712,488.4481135
33,1,7/8/2025 8:00,28.35407097,6.277224311,76.89717596,0.407412366,19.93337563,188.0138276
33,2,7/8/2025 8:10,28.84802642,4.216389154,57.24682192,0.743608755,50.57185598,492.204157
33,3,7/8/2025 8:20,29.20838789,4.176674617,87.86703717,0.668808847,42.51415074,465.8743767
33,4,7/8/2025 8:30,29.13835277,4.185104705,50.77265185,0.420813324,42.39832111,538.4333928
33,5,7/8/2025 8:40,28.74922162,5.742728421,71.71283268,0.787390178,26.04358364,608.7903017
33,6,7/8/2025 8:50,29.26572639,7.299727654,86.76337589,0.544661019,20.36435564,100.7814563
33,7,7/8/2025 9:00,29.29860742,5.7776101,81.86487179,1.17833651,23.23673912,414.3595649
33,8,7/8/2025 9:10,29.89855606,4.721521444,54.82939013,0.715925951,34.76398763,484.6205312
33,9,7/8/2025 9:20,30.17198355,4.718973553,70.03880733,0.739694341,56.40597127,317.6383845
33,10,7/8/2025 9:30,30.5219755,5.530347833,62.70910104,0.852296487,35.52474007,358.4942513
34,1,7/8/2025 8:00,30.31722748,5.271255397,72.58707438,0.935461377,33.78722129,245.329396
34,2,7/8/2025 8:10,30.74189972,6.895646486,86.47738411,1.090597402,25.82815074,396.907458
34,3,7/8/2025 8:20,30.99715797,6.60497781,75.90024286,0.742053011,46.54812801,215.7431491
34,4,7/8/2025 8:30,31.84775808,4.29964301,73.45387402,0.642137208,52.37460104,438.0166883
34,5,7/8/2025 8:40,31.90902427,6.080531117,86.31957249,0.700215842,31.96553125,334.9794395
34,6,7/8/2025 8:50,32.56117805,7.28304972,77.75938734,0.326758313,38.10093989,594.4946685
34,7,7/8/2025 9:00,33.13574124,4.968772147,74.15243542,0.449363358,37.54253972,128.7787533
34,8,7/8/2025 9:10,32.86625529,6.977069832,78.96395035,1.183976113,46.83116502,620.9638521
34,9,7/8/2025 9:20,33.03026447,5.612165667,50.09711581,1.049598783,31.17761573,159.1473991
34,10,7/8/2025 9:30,32.66195855,4.752203848,62.24217423,1.060749393,30.87605106,427.5870225
35,1,7/8/2025 8:00,29.06933544,4.691771711,82.26962589,0.357747196,42.70789987,226.7652981
35,2,7/8/2025 8:10,29.73389261,7.327000223,65.53524582,0.464547225,56.40256876,285.1976363
35,3,7/8/2025 8:20,30.35088033,5.585450188,57.40323568,0.411070078,27.30871558,187.3415504
35,4,7/8/2025 8:30,30.33407524,5.700777293,66.47954279,1.13823228,25.45096177,487.4295038
35,5,7/8/2025 8:40,29.98956269,7.265055565,73.42559571,1.124114932,11.06720911,662.5048067
35,6,7/8/2025 8:50,29.90340993,6.188815699,75.80188636,0.955810659,58.89360564,548.0982325
35,7,7/8/2025 9:00,30.28819616,4.988928811,71.28092161,0.37799104,26.70648146,605.5867155
35,8,7/8/2025 9:10,30.9328324,6.328738712,60.32188882,0.688259579,54.33814947,431.4723348
35,9,7/8/2025 9:20,31.29334293,6.851164605,80.55572913,0.96290297,35.95849504,681.1819107
35,10,7/8/2025 9:30,32.18361357,6.68563121,75.10568695,0.638236452,30.11937466,236.46738
36,1,7/8/2025 8:00,31.63827622,4.024579856,57.51172948,0.957250073,16.98264332,607.0129217
36,2,7/8/2025 8:10,32.38639919,7.12114877,73.35392185,0.635925119,59.46695082,375.2571025
36,3,7/8/2025 8:20,33.31097949,5.86062444,88.55632307,0.632884231,18.52892561,526.7387582
36,4,7/8/2025 8:30,34.25414192,5.822115111,64.18873499,0.852065907,30.89272872,525.9883566
36,5,7/8/2025 8:40,34.51806375,5.309372847,84.27337521,0.72365655,50.27086825,575.5601532
36,6,7/8/2025 8:50,34.2877166,5.263790247,50.8619128,0.734406943,59.40355855,549.2194068
36,7,7/8/2025 9:00,33.96563268,4.478964365,52.25306667,0.755598625,48.37665136,509.1244522
36,8,7/8/2025 9:10,34.50165115,4.850647905,58.0875313,0.421387842,26.04671326,209.8568655
36,9,7/8/2025 9:20,35.15030524,6.033168391,76.06388541,0.612917216,36.46345858,441.2225078
36,10,7/8/2025 9:30,36.08436659,6.370236744,58.51842615,0.910727223,34.2895366,366.3149607
37,1,7/8/2025 8:00,30.12054707,7.431143991,88.19405802,0.435207598,42.91231756,605.5502436
37,2,7/8/2025 8:10,30.99334384,4.32647177,70.24789014,0.552130449,20.19338767,472.9443867
37,3,7/8/2025 8:20,31.40223344,4.782227658,52.11689755,1.098116292,20.29871727,178.0979488
37,4,7/8/2025 8:30,31.55363402,5.630404885,76.00222949,0.649563578,58.68029334,593.877146
37,5,7/8/2025 8:40,31.76703818,4.566431388,55.24626954,0.99117224,43.87523084,420.6613541
37,6,7/8/2025 8:50,31.78548174,5.830926587,78.96160553,0.577130725,37.74220078,369.9088118
37,7,7/8/2025 9:00,32.37269668,7.335913906,81.17602523,0.421414153,16.56553726,570.1655534
37,8,7/8/2025 9:10,32.00191729,6.834532321,72.57132084,0.629458122,35.48047362,435.9393868
37,9,7/8/2025 9:20,32.16091667,5.847508751,80.70970112,0.773628612,37.99025677,424.4314742
37,10,7/8/2025 9:30,32.76785355,6.302542691,75.01451644,0.508708625,15.98180337,688.9627996
38,1,7/8/2025 8:00,26.61620566,6.235489223,80.183703,0.544235697,22.44468282,464.553509
38,2,7/8/2025 8:10,27.50290257,5.924929545,84.63537979,0.756893802,37.65181113,523.2848849
38,3,7/8/2025 8:20,27.47764449,6.595433785,84.52687116,0.462376225,49.04986118,172.5923319
38,4,7/8/2025 8:30,27.78794044,6.569318737,62.39254291,0.891601865,55.5511331,451.7566484
38,5,7/8/2025 8:40,28.69543716,4.31274642,72.35401177,0.443795499,53.94311729,164.0010394
38,6,7/8/2025 8:50,29.42169814,6.780480135,63.25927176,0.943965814,56.38531812,346.7568327
38,7,7/8/2025 9:00,29.74507536,5.668877948,87.54500315,0.618249719,19.03640941,105.9920924
38,8,7/8/2025 9:10,29.24868881,7.114062277,77.26265952,0.348049801,32.21235641,469.7500051
38,9,7/8/2025 9:20,29.8684423,5.925163206,65.99975078,0.672646624,11.20744911,320.1871784
38,10,7/8/2025 9:30,30.54194132,4.841415933,52.85795462,1.037800639,50.52221616,186.6172928
39,1,7/8/2025 8:00,31.3866131,4.290579284,74.21505141,0.601505302,17.28560689,622.2480929
39,2,7/8/2025 8:10,31.08796505,4.158888177,83.95714392,1.142954238,14.20355459,198.7597589
39,3,7/8/2025 8:20,31.90761704,6.68590922,58.54796985,0.5427692,33.18631277,489.0521925
39,4,7/8/2025 8:30,32.55599605,6.032602461,54.34685017,0.75810405,36.423785,207.6054492
39,5,7/8/2025 8:40,32.82948251,6.823358804,81.86218924,1.028372739,56.01333245,574.2858712
39,6,7/8/2025 8:50,32.71174974,6.922671196,54.03791325,0.421715852,47.17423294,669.5791724
39,7,7/8/2025 9:00,33.67537306,4.541203482,73.99380507,0.62437779,35.94602378,336.2777485
39,8,7/8/2025 9:10,34.15570286,5.783320931,83.86881659,0.403802415,36.49668343,525.7464832
39,9,7/8/2025 9:20,33.99289849,4.567369455,52.11265732,1.005320504,36.05121164,116.4913493
39,10,7/8/2025 9:30,33.65791441,5.8454813,88.26479149,0.783746799,47.67567146,151.9420058
40,1,7/8/2025 8:00,28.82554748,4.697454626,82.03263902,0.621891055,19.57283213,412.9136906
40,2,7/8/2025 8:10,29.13992682,4.922815407,54.47356781,0.456857994,38.70134413,677.1615947
40,3,7/8/2025 8:20,29.77034241,4.479022351,82.33360937,0.738579783,43.93365443,627.7045553
40,4,7/8/2025 8:30,30.638985,6.045314937,75.77331117,0.673120727,28.02855438,515.6612348
40,5,7/8/2025 8:40,31.23619368,7.295251227,86.62274086,0.925120423,36.08533702,244.7249999
40,6,7/8/2025 8:50,31.25404808,6.915532213,55.96871337,0.93158679,22.21916046,105.5583741
40,7,7/8/2025 9:00,30.89377233,5.602735965,78.6372503,0.78803542,22.14996591,420.6030612
40,8,7/8/2025 9:10,30.45680531,4.311627066,88.7544172,1.144971827,42.10555461,346.1218159
40,9,7/8/2025 9:20,30.13800598,4.630520374,83.53423493,0.736704268,37.63747162,353.3165316
40,10,7/8/2025 9:30,30.33005354,6.20237322,71.17980153,0.956183932,33.54774702,494.0405628
41,1,7/8/2025 8:00,27.660567,6.245008582,71.52626409,1.174592056,42.92395444,527.5656016
41,2,7/8/2025 8:10,27.81039025,4.439757785,77.20110797,0.872961024,40.29559083,591.5199028
41,3,7/8/2025 8:20,27.67056764,6.288993036,53.88232156,0.459342428,14.21375201,555.2197288
41,4,7/8/2025 8:30,27.92417584,5.57276334,53.50940991,1.185124756,11.19016926,464.6236477
41,5,7/8/2025 8:40,28.840374,5.313959614,70.23836704,1.020246431,34.131586,109.0111041
41,6,7/8/2025 8:50,28.83181536,6.608734136,78.2527676,0.421071761,52.47103137,268.8812929
41,7,7/8/2025 9:00,28.38549586,4.808064082,77.01571388,0.661984268,24.18018801,435.971047
41,8,7/8/2025 9:10,28.87605826,7.041140666,77.19593109,0.395581801,26.23827637,543.7624288
41,9,7/8/2025 9:20,29.43854557,5.243009594,88.58877238,0.539992781,20.27343706,399.1961407
41,10,7/8/2025 9:30,29.39548597,4.377223857,61.2774774,0.759478915,25.63154682,283.552045
42,1,7/8/2025 8:00,34.41540704,4.522218695,78.85702456,0.757737557,25.70899774,434.7025373
42,2,7/8/2025 8:10,34.41426652,6.158242933,73.45239427,0.922741327,56.49859963,677.8873188
42,3,7/8/2025 8:20,35.2079646,5.969961819,89.07152688,1.141083194,19.72444429,179.1591037
42,4,7/8/2025 8:30,35.36379178,7.117520439,76.53905812,0.856721817,36.36290896,189.3402379
42,5,7/8/2025 8:40,35.50743291,5.808772062,82.93379348,0.653251574,38.36488258,376.8384948
42,6,7/8/2025 8:50,36.17516178,5.571693294,68.54168562,0.643928442,27.84187359,686.6986353
42,7,7/8/2025 9:00,36.64146421,7.289424186,83.1445468,0.503376173,26.13844013,436.3703712
42,8,7/8/2025 9:10,37.24056086,6.166206994,83.65599607,0.440877917,57.27522321,285.9226922
42,9,7/8/2025 9:20,37.05282749,7.009393167,73.94991163,0.77765171,58.90350151,387.1728941
42,10,7/8/2025 9:30,37.20463658,6.130010499,71.27010412,0.616740819,31.17322292,509.6231191
43,1,7/8/2025 8:00,28.99316297,4.203015805,68.92144638,0.880404437,52.48951371,459.1944496
43,2,7/8/2025 8:10,29.03570584,6.281060266,67.4397796,0.677074796,34.91075544,318.3215278
43,3,7/8/2025 8:20,28.77546679,4.190844599,56.16557772,0.835471263,42.91878249,305.5502506
43,4,7/8/2025 8:30,28.39694947,5.647018755,72.34160567,0.946758488,28.9981705,241.0899397
43,5,7/8/2025 8:40,28.27384151,5.115741927,61.11686218,0.718721513,35.42066001,103.6604736
43,6,7/8/2025 8:50,28.11124329,5.204800713,78.14449884,0.405015842,44.33732209,294.1993762
43,7,7/8/2025 9:00,28.3748248,4.415727162,56.45287965,1.199320802,58.49780998,217.1119203
43,8,7/8/2025 9:10,29.01234465,5.68801509,77.52381766,0.679139309,34.99870775,494.4111262
43,9,7/8/2025 9:20,28.63904787,5.693707239,72.0805643,0.619588289,49.7821453,607.6811173
43,10,7/8/2025 9:30,29.21776328,4.275198273,66.7729989,0.736855209,46.18216433,440.2116692
44,1,7/8/2025 8:00,31.91688517,5.77461328,78.0449295,1.076429391,38.67513247,197.5869342
44,2,7/8/2025 8:10,32.84014173,6.841295858,60.49931236,0.460465129,42.16260926,442.847118
44,3,7/8/2025 8:20,33.72579581,4.948572351,87.50299819,0.582651126,53.51806747,239.016583
44,4,7/8/2025 8:30,33.37952572,7.002886382,53.12342615,0.90396323,51.10550307,300.2555806
44,5,7/8/2025 8:40,33.81866171,5.307349101,85.62546372,0.558025477,51.37048351,529.9260941
44,6,7/8/2025 8:50,34.02679824,5.58663487,84.71872799,0.326332348,54.85532281,481.5644918
44,7,7/8/2025 9:00,34.26473355,4.991291015,67.89830098,0.890689593,25.07218616,503.7155384
44,8,7/8/2025 9:10,34.2164886,6.591777811,76.2680758,0.452163286,38.47468353,151.4031464
44,9,7/8/2025 9:20,35.08779454,6.827808009,70.85477021,0.450278709,47.59763554,103.1852164
44,10,7/8/2025 9:30,35.82970004,6.332702583,58.33267884,1.021967327,22.47177141,425.5144339
45,1,7/8/2025 8:00,32.12082147,5.049375477,81.34130914,0.650607392,12.67453049,126.7859568
45,2,7/8/2025 8:10,32.53711987,4.266425108,70.26929383,0.312330359,36.91686795,364.4651244
45,3,7/8/2025 8:20,32.93963755,4.807824138,72.43611693,0.685429635,57.54120868,604.2767145
45,4,7/8/2025 8:30,33.92207825,6.893121466,59.1634761,0.499102372,19.99686902,110.6430625
45,5,7/8/2025 8:40,34.74069678,6.70662358,77.09404839,0.318563281,44.99314906,123.4504808
45,6,7/8/2025 8:50,35.00159056,6.888068255,63.31086529,0.783667529,44.65478454,534.2121411
45,7,7/8/2025 9:00,34.52577408,6.194714423,86.83010901,0.491768444,38.29851734,587.6327389
45,8,7/8/2025 9:10,34.37000123,6.824212452,87.74877945,0.738579529,57.9655033,549.8183129
45,9,7/8/2025 9:20,34.23621788,4.451306772,70.39659289,1.151613429,31.03517709,366.3242182
45,10,7/8/2025 9:30,34.42293514,5.292754863,85.1557981,0.450285985,25.51516292,372.3531239
46,1,7/8/2025 8:00,29.7032786,6.97302121,61.96390721,1.044421293,40.99124613,222.2284788
46,2,7/8/2025 8:10,30.12796295,5.702803342,50.8604238,0.994351136,27.21766969,373.324936
46,3,7/8/2025 8:20,31.08952304,6.06444747,77.07107299,0.424126509,49.80085018,279.3355844
46,4,7/8/2025 8:30,31.78500582,4.763337616,86.96565855,0.787011541,34.99906947,372.8953705
46,5,7/8/2025 8:40,32.6695363,4.383525904,59.28552678,0.557703953,59.86335152,340.3407015
46,6,7/8/2025 8:50,33.3656477,4.922562703,83.79790484,0.417525578,57.36805941,399.2481112
46,7,7/8/2025 9:00,33.69748334,4.213643548,82.32325475,0.437492587,38.76346888,650.9881417
46,8,7/8/2025 9:10,33.70555047,5.659195721,72.04044655,0.680656202,40.89084239,338.8540052
46,9,7/8/2025 9:20,33.70844511,4.035832231,66.94849864,0.71957222,14.55825204,633.3414131
46,10,7/8/2025 9:30,34.075124,4.255173051,67.66752965,0.343827575,38.93022994,612.9408279
47,1,7/8/2025 8:00,26.00565142,6.324500502,57.4847145,1.010744124,52.09637039,566.9413099
47,2,7/8/2025 8:10,25.88247988,5.351909122,87.98756107,0.447464536,31.61879117,405.3005224
47,3,7/8/2025 8:20,26.42674685,6.588453201,52.42968355,0.814428809,37.03881142,601.5064263
47,4,7/8/2025 8:30,27.35045934,7.003055252,82.32979152,0.696282703,26.08985778,553.3621226
47,5,7/8/2025 8:40,27.21946333,6.792927034,62.76011138,0.722949291,34.02685042,463.7433223
47,6,7/8/2025 8:50,27.88905482,6.543331143,66.95443544,0.573440777,37.05564733,671.0988575
47,7,7/8/2025 9:00,27.9845871,5.201076125,83.50413964,0.918679576,32.69199705,575.6571883
47,8,7/8/2025 9:10,28.03900701,6.549754516,52.24783832,0.544885078,53.61874978,626.5564085
47,9,7/8/2025 9:20,28.56467977,5.220213855,63.16231977,0.423423118,28.99713164,672.0057857
47,10,7/8/2025 9:30,28.64313361,4.411623759,55.71564158,0.88109436,36.81953482,311.4669535
48,1,7/8/2025 8:00,29.31651483,7.361153915,75.88804503,0.620589503,34.98926045,478.8568623
48,2,7/8/2025 8:10,29.63447354,5.947265496,83.07131912,0.687647235,35.740209,467.7264494
48,3,7/8/2025 8:20,29.88687959,6.379734288,67.38353561,0.962136776,40.04582463,276.9164674
48,4,7/8/2025 8:30,30.76284648,4.884229522,87.95275717,0.982723648,25.41926297,574.5270935
48,5,7/8/2025 8:40,30.89352855,6.787679676,67.1040361,0.709567858,55.01011777,264.4971171
48,6,7/8/2025 8:50,31.6792288,4.331158722,89.80871268,1.039973359,54.37775154,142.9021246
48,7,7/8/2025 9:00,32.09000941,4.92222136,78.29575915,0.669731577,23.73541876,611.4030505
48,8,7/8/2025 9:10,31.97639742,4.272068534,70.55218527,0.961033075,37.71337797,647.8897735
48,9,7/8/2025 9:20,31.56687104,6.273959091,75.1330376,0.538894015,33.01981232,447.0184105
48,10,7/8/2025 9:30,32.30586038,6.657263099,63.86177066,1.088171303,36.4177163,339.4978691
49,1,7/8/2025 8:00,28.29129125,5.783216071,76.81616347,0.994591601,37.0573092,289.7851709
49,2,7/8/2025 8:10,28.17772734,6.619486796,72.79403738,0.937436753,26.37894994,207.3393057
49,3,7/8/2025 8:20,28.9350756,4.748183348,80.81165734,0.505685328,20.76076537,378.6505749
49,4,7/8/2025 8:30,29.69047577,4.318362912,75.48108526,1.160228859,32.45570923,198.3585296
49,5,7/8/2025 8:40,30.02601813,6.939720083,88.24332879,0.685169487,33.34384105,498.4794026
49,6,7/8/2025 8:50,30.76511551,6.516285964,57.29121377,1.102296203,30.66648289,659.9754017
49,7,7/8/2025 9:00,30.9799598,4.608104949,59.57729511,0.945167157,13.91576376,412.8805992
49,8,7/8/2025 9:10,30.95004111,7.409079753,70.54076451,0.70173419,32.62614321,245.3612361
49,9,7/8/2025 9:20,30.77685054,6.144700238,63.25007016,0.612268465,59.27131222,330.5168787
49,10,7/8/2025 9:30,31.09388698,5.987835097,81.93381105,1.145779124,56.47121591,129.4818519
50,1,7/8/2025 8:00,35.28147501,4.617752127,86.03988658,0.385495135,13.9977913,621.5558474
50,2,7/8/2025 8:10,35.14918953,4.167882942,61.97429328,0.440298008,16.49280799,440.0067633
50,3,7/8/2025 8:20,35.98919027,6.352538093,89.58986001,0.789906561,33.72736521,151.5366652
50,4,7/8/2025 8:30,35.54337181,6.538046614,82.48145245,1.185028136,47.8249665,557.0616069
50,5,7/8/2025 8:40,36.04691584,5.680649907,70.2208663,0.587947335,35.04388132,397.0781239
50,6,7/8/2025 8:50,36.55453067,6.650999771,66.75017384,1.067757752,14.50363577,686.1162792
50,7,7/8/2025 9:00,37.50630291,4.743943103,88.65781687,0.982233503,30.60420608,516.2279258
50,8,7/8/2025 9:10,37.11678465,7.193919113,86.26697922,0.773138783,14.19971131,538.6773677
50,9,7/8/2025 9:20,37.0581151,6.08579766,65.98719171,0.602007776,21.04388165,474.3045248
50,10,7/8/2025 9:30,37.659498,5.816404691,51.7407666,1.147244455,36.99175074,132.9895111
51,1,7/8/2025 8:00,30.93169604,4.962532836,51.30545263,0.919373524,33.98210814,128.5100009
51,2,7/8/2025 8:10,30.47147844,4.114281373,51.38529792,0.659811151,18.35657387,170.3572032
51,3,7/8/2025 8:20,30.40552965,7.067302917,68.71663856,0.714375124,31.96945907,489.8901968
51,4,7/8/2025 8:30,30.95258626,5.58429016,84.30866421,0.429160379,54.54655598,177.9746661
51,5,7/8/2025 8:40,30.89423233,7.388319039,71.7401789,0.782054603,19.54267146,406.386344
51,6,7/8/2025 8:50,30.59337741,4.151132859,54.88533719,0.759124368,37.43422496,447.0950893
51,7,7/8/2025 9:00,30.76235647,7.293945173,75.21244112,0.515251263,59.16047005,508.2685394
51,8,7/8/2025 9:10,30.80583377,5.65217417,65.27610642,1.081572657,32.86806978,268.8060556
51,9,7/8/2025 9:20,31.14332105,4.574563089,52.70311434,0.462020342,25.23420022,679.0141266
51,10,7/8/2025 9:30,31.44845026,7.161554204,54.24701575,0.690848998,45.11967463,466.8837947
52,1,7/8/2025 8:00,29.3805987,6.266435666,62.32353229,0.606109216,22.37706454,169.0861059
52,2,7/8/2025 8:10,28.92240987,5.850898224,84.78252475,0.394094607,19.72265984,317.106422
52,3,7/8/2025 8:20,28.44894782,6.038553687,64.5437605,0.622832375,30.59545335,359.9781424
52,4,7/8/2025 8:30,28.79876192,6.785023448,76.44772848,0.724201725,33.92445528,452.9218743
52,5,7/8/2025 8:40,29.58043489,5.726498792,63.37392447,1.05134847,53.56491652,233.0899425
52,6,7/8/2025 8:50,30.12514684,6.250484744,54.28933767,0.388652778,35.86358305,577.822386
52,7,7/8/2025 9:00,30.07115181,6.782934194,86.99812111,1.163092278,38.46026278,426.8587916
52,8,7/8/2025 9:10,30.81401672,5.206594215,57.87003548,0.623161831,16.61937421,619.3766504
52,9,7/8/2025 9:20,30.44281815,6.999630006,77.0974026,0.7563781,46.44328646,513.6971563
52,10,7/8/2025 9:30,31.32802538,4.568754146,65.28287352,0.308765689,14.5430184,187.2764768
53,1,7/8/2025 8:00,27.78342592,4.716362981,89.10933471,1.145810185,57.25805812,494.6407274
53,2,7/8/2025 8:10,28.52581391,7.280250611,86.40588447,0.451817961,35.46002899,441.5279964
53,3,7/8/2025 8:20,28.2292323,5.558979439,71.24623643,0.994707889,37.64847187,576.9336329
53,4,7/8/2025 8:30,28.17205219,4.965510044,53.66745708,1.185116068,52.28473672,314.5391014
53,5,7/8/2025 8:40,28.37703586,5.676009107,77.81931842,1.011058175,12.33039382,141.9297023
53,6,7/8/2025 8:50,29.32966363,6.267031854,78.83693465,0.711531417,12.20726301,495.424981
53,7,7/8/2025 9:00,30.14224353,7.380777208,59.68834172,0.987723684,33.11337946,282.7545345
53,8,7/8/2025 9:10,30.16031188,6.696034166,77.68269798,0.50172385,46.07543155,678.3505316
53,9,7/8/2025 9:20,31.05138602,5.705510712,85.23714746,0.858434453,33.33613558,683.016637
53,10,7/8/2025 9:30,30.62806244,7.497599472,78.53263237,0.67550959,44.65492477,545.6121927
54,1,7/8/2025 8:00,28.7174759,7.072303687,87.641256,0.904249934,45.84331989,661.6032139
54,2,7/8/2025 8:10,28.80189606,6.649682818,70.27364255,0.361291391,34.123547,449.1692814
54,3,7/8/2025 8:20,29.76772481,7.303989114,57.51276178,1.000115379,27.24790242,110.1410639
54,4,7/8/2025 8:30,29.2866062,6.102695486,83.13916794,1.061216151,18.29055972,305.8617432
54,5,7/8/2025 8:40,29.98448714,6.322749777,56.26950601,0.979638759,38.49489338,209.5651233
54,6,7/8/2025 8:50,30.51831797,5.03033582,76.10035899,0.767897983,35.7953471,252.2549831
54,7,7/8/2025 9:00,31.41110434,7.135554163,88.77623877,0.953189359,36.17826925,217.861407
54,8,7/8/2025 9:10,32.29334288,4.265717323,52.12159087,0.562007375,52.04207661,240.4560177
54,9,7/8/2025 9:20,31.99541239,4.609593847,87.30093272,0.478823502,32.07585472,640.5750656
54,10,7/8/2025 9:30,31.59793795,6.793504001,88.34953679,0.427937614,44.73773543,595.2313673
55,1,7/8/2025 8:00,27.34304305,6.648699107,78.57307407,0.4056375,47.06756459,130.0298357
55,2,7/8/2025 8:10,27.41600242,5.140915565,66.18100536,0.300745176,37.85288028,495.3375349
55,3,7/8/2025 8:20,27.85581274,4.427375566,89.04463752,1.162512163,58.71922982,319.7449074
55,4,7/8/2025 8:30,28.6133352,6.598760892,87.79893156,0.413994813,38.44480288,437.3158668
55,5,7/8/2025 8:40,28.28670965,5.587221158,71.14499001,0.514802839,59.59482501,381.6299006
55,6,7/8/2025 8:50,28.15043216,5.155778972,65.96777441,1.105144811,43.74920101,122.5093517
55,7,7/8/2025 9:00,28.46237671,5.302447334,85.72458628,0.30727025,13.23400815,668.7193859
55,8,7/8/2025 9:10,28.34384758,6.082781629,82.50991495,1.126230433,34.52428897,549.6722281
55,9,7/8/2025 9:20,29.16303944,4.597979576,89.24850854,0.996240009,53.93797254,381.4303411
55,10,7/8/2025 9:30,29.58967742,4.625361572,80.15168698,0.379158307,37.07260287,201.8045503
56,1,7/8/2025 8:00,26.75125198,5.35508733,71.04363697,0.334951738,36.20690252,539.7748964
56,2,7/8/2025 8:10,26.51046505,5.384623424,75.45457775,0.782471815,53.11669903,229.6501402
56,3,7/8/2025 8:20,27.29506157,5.132639115,83.71459787,0.946325041,37.2364739,614.692676
56,4,7/8/2025 8:30,27.0285494,4.795541343,74.78077984,0.330821547,38.25976676,539.2656751
56,5,7/8/2025 8:40,27.85983805,6.187907418,52.27731132,0.637925845,34.85178788,436.0293163
56,6,7/8/2025 8:50,28.47191776,6.618177548,85.08160536,0.744885344,17.30806828,676.0300963
56,7,7/8/2025 9:00,29.30945154,6.594437269,86.40166049,0.64092893,38.29100813,612.9305825
56,8,7/8/2025 9:10,28.98547295,7.495464567,84.35415154,0.868900108,38.70681857,407.5295273
56,9,7/8/2025 9:20,29.4860088,4.372598691,75.02694785,0.954630313,16.17864954,604.2721108
56,10,7/8/2025 9:30,29.36622587,6.880366505,81.84467108,1.168946823,25.02404363,569.5702172
57,1,7/8/2025 8:00,26.59560842,7.128573036,65.24590426,0.449490451,41.65644081,178.6149319
57,2,7/8/2025 8:10,26.75842469,4.253524228,60.17515243,0.763062304,49.449903,486.3830898
57,3,7/8/2025 8:20,27.62618549,7.336618483,88.12683081,0.845983009,30.98714298,689.5986988
57,4,7/8/2025 8:30,27.92892313,4.537783842,70.13462073,0.545859571,34.31329377,146.5037119
57,5,7/8/2025 8:40,28.11961353,6.102811705,68.72987391,0.70719505,40.92496071,119.4275523
57,6,7/8/2025 8:50,27.96024906,4.248357794,80.06121009,0.773524851,54.69471811,324.9409164
57,7,7/8/2025 9:00,27.86423426,7.056307471,75.27804349,0.534582126,33.73129479,419.966024
57,8,7/8/2025 9:10,28.70747264,6.221425255,80.16063846,0.779615789,17.60424524,181.2058552
57,9,7/8/2025 9:20,28.79319046,4.42848133,72.54847072,0.774166184,57.66502844,169.1070676
57,10,7/8/2025 9:30,28.81298641,4.74966298,82.28782463,0.362175009,37.23703407,305.0267155
58,1,7/8/2025 8:00,30.46897584,7.116343588,66.01535404,0.624195088,38.23932553,145.5275039
58,2,7/8/2025 8:10,30.21224953,6.054091664,52.7222681,0.324924449,22.36271496,230.6215389
58,3,7/8/2025 8:20,30.44738463,6.542628538,70.79963988,0.675860159,50.97914997,146.6831709
58,4,7/8/2025 8:30,30.19368103,6.632484162,72.05265736,0.305229975,59.37537746,423.8082267
58,5,7/8/2025 8:40,29.98703181,6.536264085,81.43155655,0.656241869,41.12375806,395.485318
58,6,7/8/2025 8:50,30.60815873,6.138980289,85.43382655,0.984937107,48.74671708,313.4005876
58,7,7/8/2025 9:00,30.13167834,5.566003241,86.06535362,0.582332546,48.74305747,624.6289416
58,8,7/8/2025 9:10,31.0221602,6.36578655,54.45105181,0.7108283,36.33805869,294.623823
58,9,7/8/2025 9:20,31.66288084,6.219218024,56.69567206,0.684571994,37.50032719,654.085551
58,10,7/8/2025 9:30,31.48041844,7.313834989,87.58748713,0.56478431,52.17539265,585.5999437
59,1,7/8/2025 8:00,27.96655232,6.267657426,81.98326781,0.31625192,22.92866245,203.2878847
59,2,7/8/2025 8:10,28.92839556,5.010861164,59.12409463,0.571385007,34.39292591,400.2138378
59,3,7/8/2025 8:20,28.95575181,5.32463772,71.36271588,1.174246704,36.62414041,106.5712402
59,4,7/8/2025 8:30,28.51609283,7.068963901,57.70738267,1.128654882,10.34380493,359.5691524
59,5,7/8/2025 8:40,28.27664451,7.044890587,70.07855304,0.931671042,24.04126417,447.3483615
59,6,7/8/2025 8:50,28.52993118,5.83796743,77.24259133,1.173436813,31.45101335,446.8460365
59,7,7/8/2025 9:00,29.05629219,4.297758416,52.92716489,0.362490925,43.75614952,165.8771731
59,8,7/8/2025 9:10,29.22244107,5.162707419,51.15545367,0.414881967,47.44180668,571.2063607
59,9,7/8/2025 9:20,29.29128106,5.390600183,72.96873384,0.960703214,36.54071724,519.8408537
59,10,7/8/2025 9:30,28.92147581,6.122226423,67.39241804,0.731402168,35.69689492,322.3470539
60,1,7/8/2025 8:00,32.85790944,5.930710401,88.81721956,0.321242078,31.07398373,456.4252173
60,2,7/8/2025 8:10,33.38461583,5.718381275,59.15030432,0.8604827,31.28874202,670.0661403
60,3,7/8/2025 8:20,34.03014577,6.277846446,88.84051376,0.370276141,20.82048737,427.1264134
60,4,7/8/2025 8:30,34.43234661,7.297625359,67.4245873,0.947425152,45.25396384,421.5074219
60,5,7/8/2025 8:40,34.61745404,5.78857166,80.79046765,0.643654712,18.53870691,618.2175744
60,6,7/8/2025 8:50,34.85371669,6.891386829,74.5408436,0.350956119,49.6253668,592.2836796
60,7,7/8/2025 9:00,35.33811504,5.108364062,56.44976258,0.78771914,33.13785396,631.2844799
60,8,7/8/2025 9:10,35.28180437,7.433039782,87.85308017,0.732535183,46.80284685,376.5831804
60,9,7/8/2025 9:20,35.34929925,5.759630291,56.01063289,0.444770251,56.34023881,670.4795561
60,10,7/8/2025 9:30,36.08842165,6.664777588,76.46545719,0.578899305,53.81380378,194.3716262
61,1,7/8/2025 8:00,30.01370464,5.977228691,65.66840143,1.141668362,36.31892208,285.7135838
61,2,7/8/2025 8:10,30.21218248,5.877729859,59.35619835,0.397272148,27.11398557,496.1971327
61,3,7/8/2025 8:20,31.1935738,6.736428358,74.4038035,0.454623217,59.59854244,347.7700495
61,4,7/8/2025 8:30,31.8868311,6.19376714,81.21109236,0.760831401,33.59388459,529.0007592
61,5,7/8/2025 8:40,31.89611694,4.793188838,78.72111586,0.301879394,26.89972525,563.9248101
61,6,7/8/2025 8:50,32.87422134,6.568691168,50.42506834,1.104526152,56.03503451,634.2315486
61,7,7/8/2025 9:00,33.29807429,6.393428437,84.68875641,0.710456802,49.74376314,310.7355982
61,8,7/8/2025 9:10,33.22468276,4.213804675,70.19007722,0.691989041,34.691625,472.3967728
61,9,7/8/2025 9:20,34.13683471,4.839644762,84.1740999,1.145250604,17.55782683,363.4521841
61,10,7/8/2025 9:30,34.86946394,5.397003463,70.20557186,1.197945971,33.95028979,680.1225535
62,1,7/8/2025 8:00,34.69921778,5.743170931,80.43391006,0.407320899,16.93591032,505.2516497
62,2,7/8/2025 8:10,34.90902575,4.614426412,60.30143945,1.162755563,55.92124891,154.2333697
62,3,7/8/2025 8:20,34.88094042,4.187503214,53.77069018,0.706897256,14.44789687,166.5924459
62,4,7/8/2025 8:30,35.41797759,5.120972342,89.57439496,0.761381936,36.81972021,588.5327888
62,5,7/8/2025 8:40,35.59767985,4.847622012,71.56215954,1.011023278,40.65536907,568.9503403
62,6,7/8/2025 8:50,35.95932221,4.451444124,54.76596045,0.53761256,20.05444825,456.3727082
62,7,7/8/2025 9:00,36.67509064,6.399655752,59.68932216,0.722333476,46.35209577,167.2955821
62,8,7/8/2025 9:10,37.30023684,4.112566219,88.84737794,0.562891293,19.30161648,526.5934534
62,9,7/8/2025 9:20,38.09752181,6.027453807,56.86311166,0.820114432,15.20109981,388.453838
62,10,7/8/2025 9:30,38.16913488,5.252814924,86.75198503,1.187684785,21.39803097,527.7497428
63,1,7/8/2025 8:00,33.82090873,7.346299545,82.98280484,0.719756837,34.44227653,119.3391527
63,2,7/8/2025 8:10,34.04185354,5.695595953,71.78046436,1.147740343,35.14357582,253.7572597
63,3,7/8/2025 8:20,33.78559548,4.112521959,82.88887832,0.647886208,27.13887737,346.5243577
63,4,7/8/2025 8:30,33.85292661,6.834686753,85.16062134,1.006849981,49.13406393,455.6746774
63,5,7/8/2025 8:40,33.45505661,4.247535953,89.58632986,1.100664693,27.03344481,341.0127057
63,6,7/8/2025 8:50,33.52197377,5.112116628,82.6881628,0.493873654,18.95521738,155.3528099
63,7,7/8/2025 9:00,33.55982595,7.1640621,74.63321029,0.643641184,23.87730549,382.4926404
63,8,7/8/2025 9:10,33.7660627,4.33674682,57.02157482,0.32785721,43.55405428,395.3455149
63,9,7/8/2025 9:20,33.75226271,5.623646703,81.06442871,0.400146658,48.5482863,197.0500852
63,10,7/8/2025 9:30,33.27747894,6.891963926,68.73123012,0.992648331,11.73045,272.2080736
64,1,7/8/2025 8:00,29.50416445,4.07738682,72.64428091,1.007830168,36.92254008,406.1698523
64,2,7/8/2025 8:10,29.24173529,7.272004674,83.47347403,0.332695491,24.6441131,503.9067391
64,3,7/8/2025 8:20,29.88874468,7.131959851,86.33500795,0.508171205,38.73345931,548.0378019
64,4,7/8/2025 8:30,29.46200469,5.738913472,65.38099966,1.103582556,31.48573362,429.3383057
64,5,7/8/2025 8:40,30.19481062,5.367310933,75.53021151,0.773145064,35.46138418,555.5063295
64,6,7/8/2025 8:50,30.9840744,5.774026346,82.02971417,0.84607708,59.33424446,372.4031082
64,7,7/8/2025 9:00,30.7078924,6.731198674,82.72015184,1.052345529,23.11128569,684.024296
64,8,7/8/2025 9:10,31.63511484,6.638194607,53.12708582,0.48649834,27.61904306,438.7232151
64,9,7/8/2025 9:20,31.43480816,7.182270425,72.18181598,0.632007156,33.64791464,267.8285219
64,10,7/8/2025 9:30,31.92036891,6.577516202,77.07854456,0.976018178,24.75585721,212.7921555
65,1,7/8/2025 8:00,33.60013296,5.180684572,84.66407178,0.530304548,15.59348573,547.804028
65,2,7/8/2025 8:10,33.92196965,4.866412187,67.539918,0.671801203,55.50102229,408.401745
65,3,7/8/2025 8:20,33.88875724,7.11477696,77.07859938,0.683785287,53.06091319,179.3611696
65,4,7/8/2025 8:30,33.52904638,5.356731586,55.39267125,1.092192183,12.36459654,371.0275212
65,5,7/8/2025 8:40,33.88549485,5.505551235,85.23860346,0.929283959,53.51098283,478.3099805
65,6,7/8/2025 8:50,33.38794046,7.134789197,64.64740475,0.726841826,37.43526231,632.0966437
65,7,7/8/2025 9:00,33.83203378,5.508910433,82.93943959,0.600654563,45.09246868,592.2750072
65,8,7/8/2025 9:10,33.94182135,5.761728602,88.42196846,0.943998892,21.03183883,127.6303602
65,9,7/8/2025 9:20,33.79799066,6.217567567,88.81227243,1.082981784,42.56224608,479.6674515
65,10,7/8/2025 9:30,34.08032794,4.440127955,51.09159394,0.405479885,45.36429714,280.8290618
66,1,7/8/2025 8:00,34.13955062,6.848425834,67.98716265,0.763781845,32.86296287,534.3232612
66,2,7/8/2025 8:10,34.47745419,5.321485968,78.40122945,0.545381271,37.157621,165.8787862
66,3,7/8/2025 8:20,34.36380131,5.107113302,89.83521148,0.72528113,30.38819938,126.6770434
66,4,7/8/2025 8:30,34.16478989,5.857352298,72.62388312,0.873940524,25.09284202,404.8389197
66,5,7/8/2025 8:40,33.80213557,6.340696904,74.17253048,0.696134237,32.72706962,283.3584359
66,6,7/8/2025 8:50,34.49707222,5.834010136,85.21169693,1.09158027,36.12659826,273.9433226
66,7,7/8/2025 9:00,34.06811436,7.212551368,55.61145462,0.613068653,32.27480592,148.3318079
66,8,7/8/2025 9:10,34.81662678,5.880783964,74.2275997,0.537479642,49.16238019,292.224771
66,9,7/8/2025 9:20,35.43967943,4.406935784,75.76549062,0.751475016,13.28217737,421.9720057
66,10,7/8/2025 9:30,35.90493943,5.042143087,61.79625192,0.609168386,32.32620166,211.5897682
67,1,7/8/2025 8:00,33.74120433,6.030786122,64.20103628,0.813517489,43.23857849,196.846279
67,2,7/8/2025 8:10,34.4666101,4.895259931,81.78922147,0.774726561,26.86373933,568.9889208
67,3,7/8/2025 8:20,34.20434605,6.388000125,83.86982333,0.612044773,34.99253312,420.3394461
67,4,7/8/2025 8:30,34.54835273,6.301377398,72.60720594,0.606610128,32.0441141,318.517113
67,5,7/8/2025 8:40,35.29705254,4.880482304,57.23502784,0.449432368,33.80546354,462.3784966
67,6,7/8/2025 8:50,35.13964553,5.512014637,88.45696677,0.44092678,48.96161793,286.0347124
67,7,7/8/2025 9:00,36.0310753,4.369558509,71.59316378,0.331863098,27.85975729,654.0296633
67,8,7/8/2025 9:10,35.66074251,6.218969202,72.89826059,0.391223549,15.29363943,608.8050816
67,9,7/8/2025 9:20,36.18114987,7.083986766,72.6803055,0.504162705,56.34478341,416.0815113
67,10,7/8/2025 9:30,35.86745069,6.83146736,89.05461439,0.398398408,31.53604015,473.3035732
68,1,7/8/2025 8:00,26.23769601,5.866173114,65.26809313,1.127909657,37.26912543,474.3815152
68,2,7/8/2025 8:10,26.85349406,4.101085031,50.85224982,0.942035508,27.40319076,596.7938539
68,3,7/8/2025 8:20,27.01522331,5.712454191,77.19778969,0.643409439,36.39979425,231.4282046
68,4,7/8/2025 8:30,27.53588711,5.738837818,74.69155306,1.196751645,25.12341157,149.1018603
68,5,7/8/2025 8:40,27.29978788,6.398603208,70.62220507,0.533703145,48.37846687,339.2347014
68,6,7/8/2025 8:50,27.53478402,5.775237259,78.73069475,0.418472534,24.62953689,361.7118795
68,7,7/8/2025 9:00,27.2155856,6.224175282,61.21827004,0.537416911,44.21724323,416.0488757
68,8,7/8/2025 9:10,27.90778175,4.965718061,68.25932555,0.755948856,27.37442108,368.1841283
68,9,7/8/2025 9:20,27.79464039,5.88947597,62.59182158,0.315662647,44.86929687,300.4043248
68,10,7/8/2025 9:30,28.20605071,5.671539589,88.13414428,0.751556927,31.63549847,281.526154
69,1,7/8/2025 8:00,29.2732403,5.924109814,66.61866116,1.072332756,59.63205949,406.0719086
69,2,7/8/2025 8:10,30.25064535,4.387316539,62.0385083,0.733017056,30.44721577,318.8686511
69,3,7/8/2025 8:20,30.18086164,7.285197407,67.63303205,0.901545991,24.33084592,271.773948
69,4,7/8/2025 8:30,30.66711387,6.223359801,74.13167136,0.682810394,23.81200656,134.5398373
69,5,7/8/2025 8:40,31.01275956,5.584545549,82.20329682,0.751284418,11.79805949,190.2344168
69,6,7/8/2025 8:50,31.90630271,5.958697851,89.2122044,1.032546304,36.90856004,205.2954498
69,7,7/8/2025 9:00,31.41975774,5.931039444,76.45157479,0.622068014,55.51798747,297.7750184
69,8,7/8/2025 9:10,31.27031752,6.82552496,66.73312721,0.535091224,37.54557748,456.380737
69,9,7/8/2025 9:20,31.36403605,6.045959903,65.64389584,0.730110001,28.07054949,506.0756035
69,10,7/8/2025 9:30,31.38317,5.205053997,85.73818931,1.170571256,32.13976796,267.8880562
70,1,7/8/2025 8:00,34.35770176,4.696722151,52.9994315,0.8634505,35.33382391,194.1916647
70,2,7/8/2025 8:10,34.67189099,7.02409173,86.20731031,0.334153641,57.92768941,497.0064631
70,3,7/8/2025 8:20,35.3971245,4.029646698,85.5533824,0.348224247,11.60396146,282.1001447
70,4,7/8/2025 8:30,35.64632771,7.023060355,54.7697942,0.373613095,40.43344202,405.2991792
70,5,7/8/2025 8:40,35.42643458,6.197685967,65.87558871,0.631388164,26.20919149,683.9230896
70,6,7/8/2025 8:50,36.26143624,6.62326779,52.96870635,0.845763647,13.10880984,309.2222331
70,7,7/8/2025 9:00,36.79800255,5.105172918,75.08076669,0.63606488,31.0816375,671.4284367
70,8,7/8/2025 9:10,37.38420931,4.654400652,89.01525258,0.64854158,35.77192773,669.2229055
70,9,7/8/2025 9:20,37.54925997,7.251337564,58.29149494,0.460295773,50.89560898,674.2818361
70,10,7/8/2025 9:30,37.78766054,5.033377732,89.00062468,0.960208235,48.55176564,333.9647036
71,1,7/8/2025 8:00,27.26850327,5.538468372,87.46822888,0.819976058,18.21146563,410.5337605
71,2,7/8/2025 8:10,26.78746104,5.053628402,88.65542802,0.40628726,42.57411906,212.6645558
71,3,7/8/2025 8:20,27.13250862,4.611936317,78.73111595,0.873159193,31.22549912,400.180721
71,4,7/8/2025 8:30,27.57128008,5.193956986,77.97628688,0.455620017,53.42229826,611.3291919
71,5,7/8/2025 8:40,27.79902279,6.234047912,82.4463822,0.660095128,19.47070976,690.6171727
71,6,7/8/2025 8:50,27.63723232,7.495556465,55.84381423,0.51798233,31.71108823,491.5077332
71,7,7/8/2025 9:00,27.85923027,7.154180388,75.63708123,1.106117281,26.05259849,350.9268345
71,8,7/8/2025 9:10,27.38680223,5.319328741,74.12346113,0.685123572,36.50486829,473.5213842
71,9,7/8/2025 9:20,26.92477552,6.097640211,51.89921103,0.696702466,58.90028546,436.0717686
71,10,7/8/2025 9:30,27.05102693,5.113174602,84.51979302,0.660567486,27.93141676,303.2888576
72,1,7/8/2025 8:00,32.84646807,7.138923495,75.54827963,0.73819777,28.9435637,354.9216302
72,2,7/8/2025 8:10,32.74035017,4.30573139,60.69310259,0.386601329,37.0206355,274.7283654
72,3,7/8/2025 8:20,33.71814039,7.336493861,72.17691501,0.742155209,14.94603202,567.2873836
72,4,7/8/2025 8:30,34.35720952,5.023629854,89.06488055,0.936076295,55.50919056,474.353912
72,5,7/8/2025 8:40,34.76446532,7.256936511,83.1741628,1.197367097,19.40798433,502.5329817
72,6,7/8/2025 8:50,34.84854997,4.622546393,88.18960642,0.726827214,27.993542,472.8455453
72,7,7/8/2025 9:00,34.52431087,6.06245851,72.89206685,0.648971138,55.5418478,354.2923374
72,8,7/8/2025 9:10,34.07209622,5.637062503,62.26444837,0.422946748,38.90821076,518.4475022
72,9,7/8/2025 9:20,34.64103794,6.994057571,75.91199273,0.341150764,18.72387554,361.2173571
72,10,7/8/2025 9:30,35.13746798,5.936434696,88.72371723,0.317804,55.10863639,258.5705799
73,1,7/8/2025 8:00,31.65813033,4.496644828,82.16724656,0.74193971,48.95861616,529.8788415
73,2,7/8/2025 8:10,32.61674927,7.000417575,73.79255337,0.519840501,53.62362921,638.0302725
73,3,7/8/2025 8:20,33.11753837,7.443545218,68.09810755,1.189358455,12.24668795,359.9944916
73,4,7/8/2025 8:30,32.83757832,6.237224607,84.25866071,0.870595348,25.01837161,477.4017092
73,5,7/8/2025 8:40,32.8541072,4.010321263,80.27954764,0.586981057,25.63914451,641.6357673
73,6,7/8/2025 8:50,33.59453261,5.908703591,80.39665431,0.831472992,55.4949383,631.2476966
73,7,7/8/2025 9:00,34.07478761,5.558351004,80.63466222,1.050335759,17.80443445,525.3762514
73,8,7/8/2025 9:10,33.63422945,6.739040314,68.91459082,0.474605154,18.29304966,147.5501457
73,9,7/8/2025 9:20,34.04896512,4.390074059,56.08103635,0.491244878,52.46205753,493.8825498
73,10,7/8/2025 9:30,34.16627405,6.614846079,72.49199068,0.68588158,38.05796289,341.8593557
74,1,7/8/2025 8:00,34.98617032,5.626904959,74.64219766,0.411884884,59.22198714,486.7248327
74,2,7/8/2025 8:10,35.47266817,4.387342831,80.46884708,1.139839015,37.88767655,648.7011062
74,3,7/8/2025 8:20,35.48036864,6.2006492,53.83980566,0.666790897,22.35748192,342.9350139
74,4,7/8/2025 8:30,35.87515103,4.862150239,85.38021586,0.686727513,57.45975068,646.3025944
74,5,7/8/2025 8:40,36.8518277,4.748713819,51.53761507,0.507113089,43.4653574,657.8803468
74,6,7/8/2025 8:50,36.8869182,5.757316131,64.87259515,0.363303021,24.68549697,195.3177876
74,7,7/8/2025 9:00,37.22976555,6.633985613,72.91223482,1.031360266,30.31253139,632.6815143
74,8,7/8/2025 9:10,37.45027167,5.202634487,86.62740864,0.650142038,13.93949438,154.7266095
74,9,7/8/2025 9:20,38.04935065,6.915819485,81.24485071,0.846354497,31.48424381,368.1434996
74,10,7/8/2025 9:30,38.18850419,6.720252205,81.8312382,1.097544427,56.80063995,370.3945547
75,1,7/8/2025 8:00,25.36774065,5.742606605,77.87035722,0.524712574,27.79037559,273.3887542
75,2,7/8/2025 8:10,25.44662273,7.310767602,67.799142,0.764197282,15.78364494,209.9303801
75,3,7/8/2025 8:20,26.43086549,6.223655796,71.52872739,0.64425521,43.85252146,615.4021385
75,4,7/8/2025 8:30,26.47352381,5.146275069,81.48888225,0.847944652,33.14749363,164.025058
75,5,7/8/2025 8:40,26.26677376,4.757026423,61.00349725,0.354481118,38.40094413,528.6893562
75,6,7/8/2025 8:50,27.25131043,6.114370195,74.54363549,0.488829403,21.54554381,113.0273751
75,7,7/8/2025 9:00,27.86347543,6.92398817,75.0979078,0.669186199,52.1288828,250.7235381
75,8,7/8/2025 9:10,27.85260627,6.219140629,85.01983216,0.378631919,46.03158475,658.8004911
75,9,7/8/2025 9:20,27.98589864,4.830089847,86.41310744,0.54525749,55.55247063,440.1886292
75,10,7/8/2025 9:30,28.95016281,4.070823031,62.50553632,0.539070527,56.0048638,562.6128829
76,1,7/8/2025 8:00,29.85512026,5.66335683,75.49281264,0.819182898,26.49492692,205.3726537
76,2,7/8/2025 8:10,29.54430191,6.289205895,88.60917252,0.610511408,13.14246229,578.9375934
76,3,7/8/2025 8:20,30.04406342,6.986221919,51.65710967,0.351285114,30.59106149,450.531787
76,4,7/8/2025 8:30,30.80688765,5.67270157,83.53735679,1.187466218,10.14978324,291.9648269
76,5,7/8/2025 8:40,31.76098246,6.970637835,74.07402746,0.310295776,15.65763253,453.6502775
76,6,7/8/2025 8:50,31.73681986,6.291767257,87.71265084,0.630535562,38.04151379,175.4149974
76,7,7/8/2025 9:00,31.60896947,6.885169951,80.4684754,0.643658169,34.70251633,471.1979696
76,8,7/8/2025 9:10,32.27649734,6.934756779,65.03595667,0.446084134,38.28584518,529.143749
76,9,7/8/2025 9:20,32.25926805,5.133783093,76.63341238,0.399428874,37.00915712,219.8127917
76,10,7/8/2025 9:30,33.04434858,7.428755234,54.12570288,1.047086058,41.47480146,431.7530237
77,1,7/8/2025 8:00,28.5554498,6.754929697,89.90742237,0.327939527,33.2882904,590.0287571
77,2,7/8/2025 8:10,28.97434073,7.086291466,83.6491824,0.983092867,57.77932665,351.1325464
77,3,7/8/2025 8:20,29.32056147,6.874597278,71.98881777,0.34154502,19.29576767,482.0162108
77,4,7/8/2025 8:30,29.94481656,5.105024818,81.35741854,0.949517575,37.081419,155.2877903
77,5,7/8/2025 8:40,30.84986013,6.297648818,57.05421373,0.740571714,25.83325204,337.0259098
77,6,7/8/2025 8:50,31.16003189,6.809068576,71.98036168,1.006276698,15.458671,139.6275854
77,7,7/8/2025 9:00,30.77313758,4.470694568,66.59952664,1.100347372,30.54339699,276.8935271
77,8,7/8/2025 9:10,30.45347299,5.165217415,61.44760796,0.522113442,43.08348554,232.8456518
77,9,7/8/2025 9:20,31.40372349,7.36699715,60.3786117,0.789376608,31.64014702,535.3803124
77,10,7/8/2025 9:30,31.33867511,7.335326391,82.25760019,0.43309083,36.74945328,359.0941169
78,1,7/8/2025 8:00,32.40231225,5.508469284,89.40650634,0.727110357,30.4219992,569.9990075
78,2,7/8/2025 8:10,32.2278102,6.799624243,84.03165527,0.909037912,46.76922141,275.4887226
78,3,7/8/2025 8:20,32.96594926,5.21452212,89.68796559,1.073841372,32.01923135,383.6178087
78,4,7/8/2025 8:30,33.16766216,5.324693153,64.8609287,0.376013786,49.61478569,464.4130265
78,5,7/8/2025 8:40,33.71150041,7.196874975,57.07152244,0.931106617,11.34878791,629.116176
78,6,7/8/2025 8:50,34.42644865,5.956256206,80.99337597,0.899189408,40.05679109,381.1159575
78,7,7/8/2025 9:00,34.32503424,4.253310408,77.57461138,0.921193661,16.65305879,672.0584416
78,8,7/8/2025 9:10,33.97987821,6.669934147,56.23412992,0.560354949,40.92936045,355.2144839
78,9,7/8/2025 9:20,34.58394426,6.068470302,54.37346353,0.300099599,28.39325478,485.8789717
78,10,7/8/2025 9:30,34.15757523,7.494907898,78.92299969,1.13004496,26.2290988,407.2056879
79,1,7/8/2025 8:00,26.62026965,4.974245614,74.30316257,1.057457435,38.78219039,140.021201
79,2,7/8/2025 8:10,26.23181125,6.147686951,76.94678468,0.577013041,35.10700053,449.6038031
79,3,7/8/2025 8:20,25.74908913,7.351043158,75.31947182,0.982812674,38.1494006,476.2512708
79,4,7/8/2025 8:30,25.29917987,5.847756371,67.52359847,0.489456817,20.88340999,653.5026582
79,5,7/8/2025 8:40,25.99146091,6.299840964,54.98810945,0.588818685,35.65589586,645.0559142
79,6,7/8/2025 8:50,25.67778975,5.035299416,76.28697722,0.313742497,45.68925927,463.8142248
79,7,7/8/2025 9:00,26.54899786,6.027275143,85.39547616,0.43040374,35.15372337,112.705517
79,8,7/8/2025 9:10,27.40092461,6.836913354,84.11696943,0.684579552,56.98408384,538.2443244
79,9,7/8/2025 9:20,27.24690895,5.656895387,83.31194787,1.124923053,52.06386795,672.4661004
79,10,7/8/2025 9:30,27.44096068,4.994459724,83.95627197,0.642650066,37.07579721,477.9317801
80,1,7/8/2025 8:00,35.01090549,4.465452716,61.62372146,1.16956257,47.89297457,137.2047232
80,2,7/8/2025 8:10,34.53987514,6.212965361,52.90961155,0.787163545,31.56831038,158.9913236
80,3,7/8/2025 8:20,35.15486976,5.304702232,81.6288055,1.160236012,38.34770212,465.6849377
80,4,7/8/2025 8:30,36.09351077,6.256548842,70.07881445,0.370480937,11.88271217,386.6556369
80,5,7/8/2025 8:40,35.95146721,6.590554641,72.64180961,1.189335847,21.27153295,384.1329601
80,6,7/8/2025 8:50,36.35130112,4.238683354,75.64908005,0.739706426,19.35854975,300.5186911
80,7,7/8/2025 9:00,36.86597933,6.878992082,70.29219018,0.529358982,28.6168542,455.0569741
80,8,7/8/2025 9:10,37.39763077,5.336592888,52.40688694,0.690558379,28.61560638,428.3024756
80,9,7/8/2025 9:20,36.99709518,6.190356933,53.09695392,1.046485367,17.43642034,496.6103677
80,10,7/8/2025 9:30,36.90267422,5.929714901,65.17360799,0.754719924,30.10557125,351.8897508
81,1,7/8/2025 8:00,28.24042215,4.134459651,58.93570902,0.635234932,37.88076101,368.0591228
81,2,7/8/2025 8:10,28.55710242,6.505144597,73.13550754,0.951083829,26.3203334,276.3368673
81,3,7/8/2025 8:20,29.1866856,6.631749525,84.25728151,0.676233939,38.80188873,593.4529452
81,4,7/8/2025 8:30,28.91348003,6.886879846,75.54920798,0.856698963,31.4785502,391.2367291
81,5,7/8/2025 8:40,28.71029856,7.047443108,82.73751742,0.757004554,34.92348114,391.4043633
81,6,7/8/2025 8:50,29.20745935,4.74616481,89.22370106,0.86212228,40.51306534,571.1563685
81,7,7/8/2025 9:00,30.00428622,7.306547235,74.7382466,0.982171578,53.68115278,256.8632851
81,8,7/8/2025 9:10,30.66876316,5.738747378,52.20419609,0.42950553,13.12089944,152.8205407
81,9,7/8/2025 9:20,31.04071371,4.553021698,83.46966811,0.664424544,32.77944299,273.1508106
81,10,7/8/2025 9:30,31.10416492,6.817839211,73.23805429,0.845117713,47.01051176,312.7440968
82,1,7/8/2025 8:00,28.43024293,6.018321938,75.82846479,0.676415643,50.13180428,488.9077323
82,2,7/8/2025 8:10,28.97205504,4.494378126,70.04869181,0.965213554,32.53340752,544.2075331
82,3,7/8/2025 8:20,28.85392211,5.769290483,71.52537737,1.080471014,32.62528321,494.890155
82,4,7/8/2025 8:30,29.39692671,4.530221732,71.22556889,0.32709098,22.80168007,131.8436212
82,5,7/8/2025 8:40,29.12052248,5.951122383,71.55067261,0.661784903,34.96370377,296.0023517
82,6,7/8/2025 8:50,29.69920862,5.770682676,71.48626938,0.582145569,10.3367675,498.2757256
82,7,7/8/2025 9:00,29.52245778,4.402076068,66.26648913,0.801806677,32.50827896,675.6196173
82,8,7/8/2025 9:10,30.30360537,7.050224909,71.42398829,0.643330797,35.82688493,289.9913153
82,9,7/8/2025 9:20,30.64592648,4.073714849,52.56760428,0.762175798,34.05091115,690.4052908
82,10,7/8/2025 9:30,30.66965564,5.134209049,82.05293137,0.683940421,31.8358534,431.3990193
83,1,7/8/2025 8:00,28.40643537,7.144589629,72.27426214,0.754914715,13.86933135,523.8527247
83,2,7/8/2025 8:10,27.99118722,4.867252848,85.83008032,0.874855264,41.0441331,150.8804051
83,3,7/8/2025 8:20,28.16386988,6.702831537,59.41660898,0.770830854,14.25211196,610.6385991
83,4,7/8/2025 8:30,28.72266005,7.274547493,78.04762282,0.456700537,51.63895625,429.8682203
83,5,7/8/2025 8:40,29.03554571,7.006006545,82.35861726,0.477107416,27.27465788,274.0748919
83,6,7/8/2025 8:50,29.99294548,7.198391521,77.94239081,0.915256343,51.23199921,505.3851092
83,7,7/8/2025 9:00,30.03938975,4.153177189,70.1670183,0.841357221,56.04934102,200.7507498
83,8,7/8/2025 9:10,30.23487567,4.19153725,57.65585419,0.706622704,54.05214883,381.1895533
83,9,7/8/2025 9:20,30.95095168,4.360429807,78.8752136,0.648278394,33.33511387,158.8698264
83,10,7/8/2025 9:30,30.95898303,4.694182544,70.63683437,0.551334874,10.20376519,319.7275294
84,1,7/8/2025 8:00,26.88331927,7.382632759,87.224154,0.332855692,31.98278509,545.8708834
84,2,7/8/2025 8:10,26.48069577,4.461683052,86.46039281,0.367842137,27.03380725,505.5306548
84,3,7/8/2025 8:20,27.35858735,6.045926495,86.46321694,0.973466013,30.28516116,425.0254909
84,4,7/8/2025 8:30,27.97043178,6.258856363,81.50069992,0.697572205,36.93249649,195.6121147
84,5,7/8/2025 8:40,28.81164221,5.812173386,51.43290532,0.711893597,32.50851132,223.1206206
84,6,7/8/2025 8:50,28.69314547,4.026271636,65.62064163,0.395563742,38.00086081,580.7780164
84,7,7/8/2025 9:00,28.77269328,6.622140768,87.60084768,0.608806722,23.67296181,635.4019799
84,8,7/8/2025 9:10,28.94288498,7.267242492,89.62053562,0.481170911,30.29331623,231.016271
84,9,7/8/2025 9:20,29.46740274,6.500691799,83.97011274,0.617114479,59.86513007,217.3049884
84,10,7/8/2025 9:30,29.16861904,6.720994831,88.44798191,0.775071127,38.25121802,381.357713
85,1,7/8/2025 8:00,31.04386687,6.70677767,68.22464943,0.642170361,32.65293899,512.875158
85,2,7/8/2025 8:10,31.59354862,4.995626716,60.69497245,0.538111907,14.68813855,471.0955746
85,3,7/8/2025 8:20,31.5249405,6.50212247,83.17135987,0.750371889,34.11233659,381.3567606
85,4,7/8/2025 8:30,31.78314598,4.900592916,64.8507217,0.706932594,31.75322649,660.2432679
85,5,7/8/2025 8:40,32.46504544,7.320826252,76.5085427,0.388109747,22.8192954,593.892508
85,6,7/8/2025 8:50,32.2132793,6.746260025,82.02114758,0.806737688,11.38814835,545.4578827
85,7,7/8/2025 9:00,32.04805037,5.977095972,68.57565544,0.929090822,30.94220076,542.8484245
85,8,7/8/2025 9:10,32.97312456,5.835811189,65.22383082,1.059633354,59.85268577,592.7018738
85,9,7/8/2025 9:20,32.85536864,6.882963568,85.6161816,0.35580292,36.45990849,630.3177145
85,10,7/8/2025 9:30,33.72932919,6.559422362,73.70777608,0.709605963,25.42989765,459.2393149
86,1,7/8/2025 8:00,28.91986034,6.748557716,77.66583512,0.785216407,19.68283261,533.1240767
86,2,7/8/2025 8:10,29.58588532,7.03953928,84.62582808,0.742292739,47.38160042,446.2434843
86,3,7/8/2025 8:20,30.46833174,4.628533577,63.06956717,1.080959331,40.50730004,558.9809209
86,4,7/8/2025 8:30,31.27492491,5.526727575,86.2246237,0.457643836,12.47758649,245.4820304
86,5,7/8/2025 8:40,30.93518672,7.142432453,82.98845826,0.465619876,37.066449,350.5270378
86,6,7/8/2025 8:50,30.51420673,7.204273333,74.50634695,0.563081003,55.05929761,638.3076294
86,7,7/8/2025 9:00,30.09952442,7.139077388,82.77031228,0.74588198,36.69198712,112.6194621
86,8,7/8/2025 9:10,30.34966246,4.020410695,82.24795872,0.691866399,38.08383837,247.9394933
86,9,7/8/2025 9:20,30.55936971,5.114257118,80.83642019,0.630238791,30.00462517,516.2334278
86,10,7/8/2025 9:30,31.054997,6.152159661,77.15729615,0.483800314,51.65824746,226.9424782
87,1,7/8/2025 8:00,32.21430526,6.310581548,73.55640767,0.3619738,33.24547615,430.8921446
87,2,7/8/2025 8:10,33.07068009,4.792452383,59.49585892,0.525376689,26.04177688,329.1454562
87,3,7/8/2025 8:20,32.94972062,7.080628748,78.71641493,0.642622014,31.24899872,522.8991476
87,4,7/8/2025 8:30,33.76695832,4.663629947,56.84723429,0.509519882,11.76246279,581.4484214
87,5,7/8/2025 8:40,33.70326155,4.943237846,53.24208788,0.787601984,37.70647821,456.0904435
87,6,7/8/2025 8:50,34.20787291,4.345832288,70.08822299,0.691079606,31.54843755,548.3600641
87,7,7/8/2025 9:00,34.31281439,7.389368058,58.61705503,0.554262274,59.98427047,679.0913813
87,8,7/8/2025 9:10,34.55140848,5.873381859,87.23308095,0.589653342,19.38025821,366.4172127
87,9,7/8/2025 9:20,34.82454776,6.76775695,57.00657128,0.520944625,44.74816304,599.5420905
87,10,7/8/2025 9:30,35.29235976,6.243672562,53.47398847,1.170831798,11.94372367,539.8785062
88,1,7/8/2025 8:00,28.18161797,7.477085943,50.32983929,0.383690649,58.24551559,657.5236036
88,2,7/8/2025 8:10,27.97870773,4.870033066,60.05842165,0.375434206,32.57735479,645.8771422
88,3,7/8/2025 8:20,28.27028287,5.392327926,81.99827033,0.61744442,52.43216909,688.5470543
88,4,7/8/2025 8:30,28.14427952,5.885617998,54.05527198,0.364198161,50.41839545,264.9855347
88,5,7/8/2025 8:40,28.45298644,7.445634683,80.23000984,0.468017487,17.26347912,498.3321625
88,6,7/8/2025 8:50,28.02154738,4.190377612,52.25322365,0.372674037,45.64780653,504.0064729
88,7,7/8/2025 9:00,27.65448616,7.313815486,87.49562354,0.61516173,46.89480704,666.7143082
88,8,7/8/2025 9:10,27.52222312,4.531020989,77.52472406,0.418329775,44.82442682,500.2997062
88,9,7/8/2025 9:20,28.23614553,6.384167281,88.31276717,0.441603362,36.25092877,240.9406341
88,10,7/8/2025 9:30,28.49398278,5.685050285,77.74753821,0.879608274,54.75558754,322.1697753
89,1,7/8/2025 8:00,27.12015697,7.007489643,82.42776212,0.603756615,44.57540444,649.8253444
89,2,7/8/2025 8:10,26.78220759,7.247459858,83.23632834,0.730973536,56.27967047,483.0892569
89,3,7/8/2025 8:20,26.98408474,7.160412845,82.75074623,0.382266997,31.71843942,455.7132797
89,4,7/8/2025 8:30,27.95637971,4.975541121,82.52583735,0.788975715,17.6567503,511.7222208
89,5,7/8/2025 8:40,27.65663367,7.01646988,62.02420292,0.833536022,49.49094613,454.1878156
89,6,7/8/2025 8:50,28.0835512,5.836400949,52.66005786,1.12652836,54.61946509,216.9127689
89,7,7/8/2025 9:00,28.24566334,6.934423257,85.19189173,0.30972197,28.39620246,157.044857
89,8,7/8/2025 9:10,27.88454838,7.110471694,64.45317091,0.679603097,10.01823711,466.7573606
89,9,7/8/2025 9:20,28.63947666,4.725951083,87.03722239,0.640933859,47.22993422,136.858966
89,10,7/8/2025 9:30,28.14129607,6.594629494,77.24056057,0.98553998,42.11560885,336.9053767
90,1,7/8/2025 8:00,26.60796108,6.003793475,77.34687526,0.947475338,48.43646817,169.2882689
90,2,7/8/2025 8:10,26.88614039,5.123953417,83.8698881,0.914232003,41.56819765,359.3324769
90,3,7/8/2025 8:20,26.94102863,7.420116625,88.08948488,0.63101721,34.01826357,448.4829375
90,4,7/8/2025 8:30,26.53106957,5.256825141,74.68728327,0.658309956,44.13068984,348.4594502
90,5,7/8/2025 8:40,27.43632304,4.443751212,72.17257378,0.437852279,57.63966618,572.7826195
90,6,7/8/2025 8:50,28.13809488,5.628781577,51.44764927,1.082374936,15.24572959,152.933874
90,7,7/8/2025 9:00,28.89274807,6.39182029,76.01638759,1.187127124,59.72684504,443.509554
90,8,7/8/2025 9:10,28.87313571,4.604014863,61.74457537,0.892066077,27.17777636,683.5690603
90,9,7/8/2025 9:20,28.7411483,5.911143443,58.76094369,0.868133572,34.67069558,260.3254476
90,10,7/8/2025 9:30,29.62905428,4.96307778,50.51628347,0.872781555,38.40282629,688.6916911
91,1,7/8/2025 8:00,34.17476252,7.13909738,71.14010336,0.745979481,24.69870613,695.9353828
91,2,7/8/2025 8:10,35.15590494,5.129681414,54.59915822,1.08865852,10.247641,486.8184239
91,3,7/8/2025 8:20,35.76668123,6.147915579,70.08284514,1.018775602,31.05508511,295.8530913
91,4,7/8/2025 8:30,36.6219656,7.211589674,57.60004109,0.754292358,31.1366632,689.096775
91,5,7/8/2025 8:40,37.56823725,4.476924934,70.75292264,0.845948674,45.05412131,361.5327304
91,6,7/8/2025 8:50,38.36688818,4.595230092,72.10654527,1.007504313,13.02102362,403.1493038
91,7,7/8/2025 9:00,38.39290385,4.969681812,76.82253545,0.697450373,59.99764392,355.4246655
91,8,7/8/2025 9:10,38.53143855,6.214751767,78.78785799,0.810219041,46.1436778,531.6311053
91,9,7/8/2025 9:20,39.41345438,4.595445914,54.99778169,0.672067078,42.49919115,439.5445792
91,10,7/8/2025 9:30,39.60820802,4.49654198,73.73693815,0.897098188,37.97924506,421.7145948
92,1,7/8/2025 8:00,29.90651213,7.417183275,54.98229226,0.673690973,13.16871283,450.9890928
92,2,7/8/2025 8:10,29.41175224,5.744707653,80.30021576,0.45760589,10.63145523,210.7441227
92,3,7/8/2025 8:20,29.69227274,5.705938033,80.66285448,0.491393004,23.4061293,454.8248639
92,4,7/8/2025 8:30,30.23263913,5.306229113,60.66101132,0.326022581,31.69958687,206.0442883
92,5,7/8/2025 8:40,29.8981033,4.829279647,83.0261619,0.685630336,25.0146853,169.7064343
92,6,7/8/2025 8:50,29.45909282,4.098053985,64.9129808,1.053254528,36.55168369,434.3178788
92,7,7/8/2025 9:00,30.11786679,6.08943252,80.15066054,0.367785641,22.58286186,481.5740794
92,8,7/8/2025 9:10,30.49178761,7.269317973,74.05568893,0.905919563,27.70671506,600.5437055
92,9,7/8/2025 9:20,30.38347822,6.14343084,55.07211166,0.64147973,27.60247453,450.0154543
92,10,7/8/2025 9:30,31.14854735,7.048722966,70.53657669,0.765291887,20.07589634,215.5207035
93,1,7/8/2025 8:00,34.71039184,5.269980612,57.5850822,0.959782518,23.90408463,526.4215188
93,2,7/8/2025 8:10,35.22783242,6.259954422,54.20365188,0.434195443,59.28767559,215.4755832
93,3,7/8/2025 8:20,35.82830067,7.155923685,78.9404214,0.954076056,35.40661832,543.8642121
93,4,7/8/2025 8:30,35.53685298,4.748485214,85.21211366,0.431712006,51.61457734,528.6753053
93,5,7/8/2025 8:40,36.10619514,4.299225815,85.90104903,0.723459309,20.48837136,207.9397437
93,6,7/8/2025 8:50,36.29981825,5.718512509,82.31510729,0.689126611,58.11547064,404.2842423
93,7,7/8/2025 9:00,36.68626888,6.303991467,78.30248857,1.175740059,37.34976528,170.7864457
93,8,7/8/2025 9:10,36.88107316,6.878572264,74.17941124,0.744850753,12.72857224,601.1020804
93,9,7/8/2025 9:20,36.47191912,4.510399506,88.00405603,0.397958345,36.1738763,329.979459
93,10,7/8/2025 9:30,37.15010674,6.11991249,55.74850346,0.960136723,25.72582887,448.0331076
94,1,7/8/2025 8:00,28.52785999,5.502025233,72.84324027,0.781323842,14.03310482,338.5295756
94,2,7/8/2025 8:10,29.25038661,6.238601563,64.69438108,0.449491298,23.80782828,436.2479086
94,3,7/8/2025 8:20,29.49330311,5.021745384,57.21836433,1.160412988,28.65186495,296.1596485
94,4,7/8/2025 8:30,30.05561236,7.283431955,87.03170569,0.463854996,38.83888932,498.2388977
94,5,7/8/2025 8:40,30.62579376,5.83296054,64.77954468,1.197002278,38.45135612,618.6018292
94,6,7/8/2025 8:50,30.2917279,7.183577093,81.45141672,0.343768014,57.06711839,386.3905997
94,7,7/8/2025 9:00,31.02620921,5.537970344,80.54110106,0.628011474,41.4439942,300.6875928
94,8,7/8/2025 9:10,31.66461681,5.332013135,77.04965138,0.722208513,45.06631897,120.1376604
94,9,7/8/2025 9:20,32.54030815,4.342065863,75.17399177,0.687043492,13.5023791,641.0235127
94,10,7/8/2025 9:30,33.28469603,6.583635699,77.63288991,0.630448507,15.8658805,657.4610731
95,1,7/8/2025 8:00,30.07059843,6.15094536,86.98354904,0.836964935,14.74859634,492.7676715
95,2,7/8/2025 8:10,30.58914802,7.099076198,81.08371377,0.961545083,36.82104467,511.094637
95,3,7/8/2025 8:20,30.7088649,7.064125051,67.75162997,0.715728745,27.15993532,395.1149536
95,4,7/8/2025 8:30,31.24203831,5.727992823,83.98687611,0.465446133,34.09733686,211.9537661
95,5,7/8/2025 8:40,31.02935048,6.659264991,84.00908366,0.834723682,36.63025906,562.7003324
95,6,7/8/2025 8:50,30.59058351,7.113495832,57.5791531,0.405186608,43.76224316,386.7109985
95,7,7/8/2025 9:00,30.11029134,4.257812562,73.14763855,1.084501396,37.25584033,358.2126697
95,8,7/8/2025 9:10,30.22142658,6.352992826,54.15903439,1.099542583,59.51162454,510.9998605
95,9,7/8/2025 9:20,29.81511609,5.98794939,86.36128832,0.649559391,17.23305513,272.2056075
95,10,7/8/2025 9:30,29.65589515,4.145046445,85.96028593,0.530949086,26.70935234,331.1695028
96,1,7/8/2025 8:00,31.10173569,5.858256302,52.57133668,0.385149085,32.92136111,282.6859733
96,2,7/8/2025 8:10,31.98656206,6.05704845,82.07861941,0.452601061,28.22639341,253.9358394
96,3,7/8/2025 8:20,32.8982716,7.21369871,89.1855042,0.322360048,11.87857154,622.8448843
96,4,7/8/2025 8:30,33.28756951,6.637243276,73.83945936,0.988830803,46.39802566,348.6111843
96,5,7/8/2025 8:40,33.2704296,4.485781878,58.51975934,0.728519425,20.50885319,189.9739141
96,6,7/8/2025 8:50,33.52189821,6.718499319,59.47953166,0.388026454,25.93019831,637.3238273
96,7,7/8/2025 9:00,33.16418172,5.893832363,62.93235042,0.647849278,13.18490984,200.575653
96,8,7/8/2025 9:10,33.96903053,4.844085324,61.50972541,0.74835756,43.75339909,307.8144216
96,9,7/8/2025 9:20,33.81797432,5.847227012,85.85669444,0.636124374,35.34244188,586.7061791
96,10,7/8/2025 9:30,34.04320261,4.758153636,74.122626,1.199183568,50.46791891,383.1090084
97,1,7/8/2025 8:00,31.12046248,4.712455336,87.55055742,0.846092046,49.33430735,329.4103336
97,2,7/8/2025 8:10,31.32962745,6.983340837,83.76304851,0.325872408,31.78216287,177.2558256
97,3,7/8/2025 8:20,32.24665523,6.535610188,83.68200028,1.075146063,36.57720957,327.2108942
97,4,7/8/2025 8:30,32.11874341,4.572281662,85.51847168,0.891407734,57.48654478,515.204164
97,5,7/8/2025 8:40,32.97108947,4.788872625,89.56810181,0.311423905,56.93182095,593.693602
97,6,7/8/2025 8:50,33.17994096,6.290413809,55.6231065,0.976831626,25.48558956,119.4897577
97,7,7/8/2025 9:00,33.8512661,4.23143624,61.97825901,1.083559067,28.88138887,364.8304651
97,8,7/8/2025 9:10,34.59704514,5.856549557,85.22073826,1.098705439,15.50091927,574.5392338
97,9,7/8/2025 9:20,35.11174389,5.109308735,62.96971851,0.517704475,51.11847029,276.4477407
97,10,7/8/2025 9:30,35.41166774,4.262819526,85.927182,0.443658877,49.54856164,173.0950514
98,1,7/8/2025 8:00,34.90067516,6.582674573,89.12590406,0.779314593,38.7802966,645.7728461
98,2,7/8/2025 8:10,35.06020796,5.66644396,84.08577131,0.607475984,34.8392083,424.0348406
98,3,7/8/2025 8:20,34.97349187,6.265904372,78.82654987,1.040395782,32.20478159,276.3046144
98,4,7/8/2025 8:30,35.27735689,5.86522662,63.55642373,0.884042552,26.65231121,236.1542085
98,5,7/8/2025 8:40,35.0930137,4.369680544,55.8687669,0.997819942,24.09158598,454.5245177
98,6,7/8/2025 8:50,34.67801976,6.971866104,85.01932827,0.71968547,34.31455605,327.1737532
98,7,7/8/2025 9:00,34.70326312,4.469269732,72.88361644,0.425875126,44.1414646,622.7530067
98,8,7/8/2025 9:10,34.42912519,5.748045172,71.57936818,1.170065122,20.44103836,319.4912129
98,9,7/8/2025 9:20,34.96738062,7.019748379,59.25171036,0.818009578,49.08896773,469.0489271
98,10,7/8/2025 9:30,35.32927084,5.99493366,75.5282073,0.438707053,16.11286576,469.6956846
99,1,7/8/2025 8:00,31.66019383,7.263612117,50.23174197,0.816282393,24.01023735,513.9584467
99,2,7/8/2025 8:10,31.37230382,5.309172774,81.48876634,1.051911023,47.83244206,587.8450456
99,3,7/8/2025 8:20,31.41534914,7.136120002,77.86695211,0.466999005,34.77974843,380.0968365
99,4,7/8/2025 8:30,31.89071441,7.008673798,66.07026609,1.042157494,58.19242178,429.7829098
99,5,7/8/2025 8:40,31.5704684,6.227465396,77.45048863,1.021097102,11.93203705,483.7095054
99,6,7/8/2025 8:50,31.20861813,6.864679383,89.34768136,0.975540233,36.44403995,684.1501384
99,7,7/8/2025 9:00,30.92457524,7.377514654,89.72307248,1.18325706,34.96600784,268.4822086
99,8,7/8/2025 9:10,31.84407461,7.065830247,70.13684248,0.578564774,24.52956149,465.5908466
99,9,7/8/2025 9:20,32.71142708,6.770211255,86.59256366,0.639152643,33.39519221,673.8598488
99,10,7/8/2025 9:30,32.35547078,4.997075526,65.51810775,0.784523814,32.00567739,477.8942515
100,1,7/8/2025 8:00,25.4417517,4.007328998,50.05200016,0.928823201,34.88871003,550.1908866
100,2,7/8/2025 8:10,25.44187538,5.988492469,64.69513427,0.984177514,12.50738841,116.4594266
100,3,7/8/2025 8:20,25.13795359,4.33927556,74.8683185,0.657608914,49.54841094,496.0844119
100,4,7/8/2025 8:30,25.12979653,4.004170094,72.74619208,1.072289296,52.96921066,689.0404647
100,5,7/8/2025 8:40,25.74710013,5.627708536,59.72029729,0.929438934,24.47806548,506.9757145
100,6,7/8/2025 8:50,25.39576092,6.610343259,81.62192282,0.769450993,40.41455566,469.4942378
100,7,7/8/2025 9:00,26.3765851,4.719149926,84.87397001,0.703629919,25.56053278,413.3551624
100,8,7/8/2025 9:10,25.89700579,7.439662262,50.55963537,0.636756277,56.74037809,452.977543
100,9,7/8/2025 9:20,25.8716781,5.226568158,88.49997817,0.902109104,38.71984319,337.2621745
100,10,7/8/2025 9:30,26.1526887,6.876758397,84.76362956,0.365147406,52.96733484,531.2471299
